,game_id,game_title,user_id,play_time
0,9,Euro Truck Simulator 2,300601393,12.0
1,9,Euro Truck Simulator 2,100519466,29.0
2,9,Euro Truck Simulator 2,299670894,3.9
3,9,Euro Truck Simulator 2,242549338,105.0
4,9,Euro Truck Simulator 2,228302915,20.0
5,9,Euro Truck Simulator 2,158173228,6.2
6,9,Euro Truck Simulator 2,166753156,34.0
7,9,Euro Truck Simulator 2,42005897,4.3
8,9,Euro Truck Simulator 2,167017825,8.5
9,9,Euro Truck Simulator 2,229791471,27.0
10,9,Euro Truck Simulator 2,43913966,2.9
11,9,Euro Truck Simulator 2,242815838,73.0
12,9,Euro Truck Simulator 2,251706843,92.0
13,9,Euro Truck Simulator 2,114972372,22.0
14,9,Euro Truck Simulator 2,95137775,22.0
15,9,Euro Truck Simulator 2,189858084,3.1
16,9,Euro Truck Simulator 2,142650116,0.1
17,9,Euro Truck Simulator 2,211544205,14.4
18,9,Euro Truck Simulator 2,45974860,148.0
19,9,Euro Truck Simulator 2,66950079,79.0
20,9,Euro Truck Simulator 2,163140792,36.0
21,9,Euro Truck Simulator 2,127850470,61.0
22,9,Euro Truck Simulator 2,11403772,1.3
23,9,Euro Truck Simulator 2,146427029,58.0
24,9,Euro Truck Simulator 2,9128105,0.8
25,9,Euro Truck Simulator 2,135066372,121.0
26,9,Euro Truck Simulator 2,145825155,43.0
27,9,Euro Truck Simulator 2,168641975,10.0
28,9,Euro Truck Simulator 2,161919513,16.5
29,9,Euro Truck Simulator 2,200913780,108.0
30,9,Euro Truck Simulator 2,111130695,8.8
31,9,Euro Truck Simulator 2,30440303,3.0
32,9,Euro Truck Simulator 2,298950,0.2
33,9,Euro Truck Simulator 2,50801801,6.1
34,9,Euro Truck Simulator 2,122026623,0.3
35,9,Euro Truck Simulator 2,83849502,0.3
36,9,Euro Truck Simulator 2,73835640,15.4
37,9,Euro Truck Simulator 2,224929163,32.0
38,9,Euro Truck Simulator 2,116494569,14.7
39,9,Euro Truck Simulator 2,201283792,5.6
40,9,Euro Truck Simulator 2,6717871,10.7
41,9,Euro Truck Simulator 2,63615483,122.0
42,9,Euro Truck Simulator 2,164805863,0.3
43,9,Euro Truck Simulator 2,33013552,6.2
44,9,Euro Truck Simulator 2,43684632,0.7
45,9,Euro Truck Simulator 2,250054424,2.5
46,9,Euro Truck Simulator 2,242856576,203.0
47,9,Euro Truck Simulator 2,108007732,1.5
48,9,Euro Truck Simulator 2,303274061,2.3
49,9,Euro Truck Simulator 2,64973908,28.0
50,9,Euro Truck Simulator 2,75463760,10.0
51,9,Euro Truck Simulator 2,183998097,39.0
52,9,Euro Truck Simulator 2,180753437,506.0
53,9,Euro Truck Simulator 2,51085779,49.0
54,9,Euro Truck Simulator 2,254928785,10.2
55,9,Euro Truck Simulator 2,120838793,9.6
56,9,Euro Truck Simulator 2,272852624,133.0
57,9,Euro Truck Simulator 2,132014951,3.4
58,9,Euro Truck Simulator 2,124437057,205.0
59,9,Euro Truck Simulator 2,304396588,12.9
60,9,Euro Truck Simulator 2,201757829,21.0
61,9,Euro Truck Simulator 2,8585433,1.3
62,9,Euro Truck Simulator 2,126200826,9.2
63,9,Euro Truck Simulator 2,50600002,23.0
64,9,Euro Truck Simulator 2,34919318,27.0
65,9,Euro Truck Simulator 2,113752996,105.0
66,9,Euro Truck Simulator 2,80363319,3.4
67,9,Euro Truck Simulator 2,129300430,17.8
68,9,Euro Truck Simulator 2,30246419,30.0
69,9,Euro Truck Simulator 2,127272741,1.3
70,9,Euro Truck Simulator 2,9946133,5.1
71,9,Euro Truck Simulator 2,113124720,38.0
72,9,Euro Truck Simulator 2,177827103,15.5
73,9,Euro Truck Simulator 2,110107925,6.2
74,9,Euro Truck Simulator 2,108595389,3.2
75,9,Euro Truck Simulator 2,96400571,5.2
76,9,Euro Truck Simulator 2,133422169,112.0
77,9,Euro Truck Simulator 2,170947678,126.0
78,9,Euro Truck Simulator 2,45617627,2.5
79,9,Euro Truck Simulator 2,112986636,9.9
80,9,Euro Truck Simulator 2,71510748,5.4
81,9,Euro Truck Simulator 2,7907686,5.5
82,9,Euro Truck Simulator 2,27279261,0.8
83,9,Euro Truck Simulator 2,175128094,101.0
84,9,Euro Truck Simulator 2,172434236,41.0
85,9,Euro Truck Simulator 2,131610144,18.8
86,9,Euro Truck Simulator 2,17530772,25.0
87,9,Euro Truck Simulator 2,165101762,18.2
88,9,Euro Truck Simulator 2,155042139,3.0
89,9,Euro Truck Simulator 2,97614578,5.7
90,9,Euro Truck Simulator 2,17567828,10.3
91,9,Euro Truck Simulator 2,88775181,36.0
92,9,Euro Truck Simulator 2,128651888,19.9
93,9,Euro Truck Simulator 2,203800963,70.0
94,9,Euro Truck Simulator 2,118852041,3.5
95,9,Euro Truck Simulator 2,131348564,0.8
96,9,Euro Truck Simulator 2,273082868,10.6
97,9,Euro Truck Simulator 2,62990992,2.1
98,9,Euro Truck Simulator 2,133228469,1.3
99,9,Euro Truck Simulator 2,146762928,20.0
100,9,Euro Truck Simulator 2,199236587,71.0
101,9,Euro Truck Simulator 2,197385611,296.0
102,9,Euro Truck Simulator 2,46028967,0.7
103,9,Euro Truck Simulator 2,156748261,6.0
104,9,Euro Truck Simulator 2,80239919,66.0
105,9,Euro Truck Simulator 2,132748085,41.0
106,9,Euro Truck Simulator 2,197190654,19.2
107,9,Euro Truck Simulator 2,191979928,1.4
108,9,Euro Truck Simulator 2,159371621,32.0
109,9,Euro Truck Simulator 2,124725852,11.4
110,9,Euro Truck Simulator 2,231026651,5.2
111,9,Euro Truck Simulator 2,14962163,111.0
112,9,Euro Truck Simulator 2,145512685,198.0
113,9,Euro Truck Simulator 2,205035443,5.6
114,9,Euro Truck Simulator 2,45592640,120.0
115,9,Euro Truck Simulator 2,67834115,0.5
116,9,Euro Truck Simulator 2,182426216,48.0
117,9,Euro Truck Simulator 2,306950369,0.6
118,9,Euro Truck Simulator 2,194641575,14.9
119,9,Euro Truck Simulator 2,155919035,4.1
120,9,Euro Truck Simulator 2,176645108,23.0
121,9,Euro Truck Simulator 2,72627862,0.2
122,9,Euro Truck Simulator 2,27545486,77.0
123,9,Euro Truck Simulator 2,185842825,123.0
124,9,Euro Truck Simulator 2,182771524,58.0
125,9,Euro Truck Simulator 2,163162333,178.0
126,9,Euro Truck Simulator 2,80494893,1.3
127,9,Euro Truck Simulator 2,116876958,19.7
128,9,Euro Truck Simulator 2,197620904,56.0
129,9,Euro Truck Simulator 2,187463594,27.0
130,9,Euro Truck Simulator 2,186040249,23.0
131,9,Euro Truck Simulator 2,12144171,21.0
132,9,Euro Truck Simulator 2,131463112,3.5
133,9,Euro Truck Simulator 2,210283973,192.0
134,9,Euro Truck Simulator 2,180206904,137.0
135,9,Euro Truck Simulator 2,132300630,0.4
136,9,Euro Truck Simulator 2,201495555,12.1
137,9,Euro Truck Simulator 2,71777065,0.4
138,9,Euro Truck Simulator 2,10253354,5.0
139,9,Euro Truck Simulator 2,302482376,9.3
140,9,Euro Truck Simulator 2,176223416,621.0
141,9,Euro Truck Simulator 2,143877335,37.0
142,9,Euro Truck Simulator 2,172518437,25.0
143,9,Euro Truck Simulator 2,161623464,132.0
144,9,Euro Truck Simulator 2,181002117,84.0
145,9,Euro Truck Simulator 2,78309377,1.1
146,9,Euro Truck Simulator 2,61070572,4.5
147,9,Euro Truck Simulator 2,180501401,4.4
148,9,Euro Truck Simulator 2,58905429,2.3
149,9,Euro Truck Simulator 2,81591317,4.4
150,9,Euro Truck Simulator 2,148362155,75.0
151,9,Euro Truck Simulator 2,109173829,2.9
152,9,Euro Truck Simulator 2,69954842,0.9
153,9,Euro Truck Simulator 2,159800136,6.0
154,9,Euro Truck Simulator 2,117022366,134.0
155,9,Euro Truck Simulator 2,100096071,156.0
156,9,Euro Truck Simulator 2,58289184,49.0
157,9,Euro Truck Simulator 2,152419713,11.4
158,9,Euro Truck Simulator 2,212456283,34.0
159,9,Euro Truck Simulator 2,66596291,5.4
160,9,Euro Truck Simulator 2,74764496,7.8
161,9,Euro Truck Simulator 2,212078557,21.0
162,9,Euro Truck Simulator 2,153076975,1.8
163,9,Euro Truck Simulator 2,227929763,39.0
164,9,Euro Truck Simulator 2,150033540,5.4
165,9,Euro Truck Simulator 2,178003047,16.1
166,9,Euro Truck Simulator 2,79319075,2.1
167,9,Euro Truck Simulator 2,285869008,3.0
168,9,Euro Truck Simulator 2,156407373,80.0
169,9,Euro Truck Simulator 2,94229851,75.0
170,9,Euro Truck Simulator 2,154230723,0.7
171,15,Garry's Mod,151603712,0.1
172,15,Garry's Mod,126340495,10.2
173,15,Garry's Mod,92107940,40.0
174,15,Garry's Mod,226212066,10.8
175,15,Garry's Mod,11373749,1.3
176,15,Garry's Mod,164543231,105.0
177,15,Garry's Mod,202092286,7.6
178,15,Garry's Mod,57103808,11.5
179,15,Garry's Mod,248444377,213.0
180,15,Garry's Mod,100519466,188.0
181,15,Garry's Mod,168031436,4.8
182,15,Garry's Mod,162543176,20.0
183,15,Garry's Mod,19586574,12.2
184,15,Garry's Mod,170491009,55.0
185,15,Garry's Mod,150751526,46.0
186,15,Garry's Mod,130280718,16.2
187,15,Garry's Mod,303326013,29.0
188,15,Garry's Mod,136021775,19.6
189,15,Garry's Mod,42928788,20.0
190,15,Garry's Mod,144347801,70.0
191,15,Garry's Mod,86338111,60.0
192,15,Garry's Mod,111316830,1.8
193,15,Garry's Mod,92914917,2.4
194,15,Garry's Mod,20200395,0.4
195,15,Garry's Mod,65958466,19.8
196,15,Garry's Mod,304222866,1.6
197,15,Garry's Mod,157469247,80.0
198,15,Garry's Mod,44866715,21.0
199,15,Garry's Mod,106760673,38.0
200,15,Garry's Mod,262861632,7.2
201,15,Garry's Mod,109201849,3.2
202,15,Garry's Mod,43913966,12.1
203,15,Garry's Mod,198105109,22.0
204,15,Garry's Mod,87071236,11.6
205,15,Garry's Mod,182399789,16.5
206,15,Garry's Mod,64787956,35.0
207,15,Garry's Mod,44482198,10.3
208,15,Garry's Mod,138570935,46.0
209,15,Garry's Mod,102825821,1.4
210,15,Garry's Mod,160427210,134.0
211,15,Garry's Mod,260320188,22.0
212,15,Garry's Mod,137508279,110.0
213,15,Garry's Mod,52907921,30.0
214,15,Garry's Mod,130324181,15.0
215,15,Garry's Mod,231029951,4.2
216,15,Garry's Mod,172666220,135.0
217,15,Garry's Mod,106170243,81.0
218,15,Garry's Mod,248532700,0.3
219,15,Garry's Mod,146999982,22.0
220,15,Garry's Mod,78341587,0.4
221,15,Garry's Mod,90541290,66.0
222,15,Garry's Mod,48028873,31.0
223,15,Garry's Mod,57433226,1371.0
224,15,Garry's Mod,131940023,0.5
225,15,Garry's Mod,93413084,70.0
226,15,Garry's Mod,24366790,0.4
227,15,Garry's Mod,216025815,0.2
228,15,Garry's Mod,193156880,43.0
229,15,Garry's Mod,107377573,26.0
230,15,Garry's Mod,23492094,8.2
231,15,Garry's Mod,132180557,1.3
232,15,Garry's Mod,115037563,22.0
233,15,Garry's Mod,249626280,13.5
234,15,Garry's Mod,112110682,50.0
235,15,Garry's Mod,106147454,54.0
236,15,Garry's Mod,233277671,5.0
237,15,Garry's Mod,152861732,129.0
238,15,Garry's Mod,32749624,4.0
239,15,Garry's Mod,93644606,170.0
240,15,Garry's Mod,234108053,29.0
241,15,Garry's Mod,163237086,37.0
242,15,Garry's Mod,141873792,1.8
243,15,Garry's Mod,176539817,56.0
244,15,Garry's Mod,223324734,1.8
245,15,Garry's Mod,37827989,114.0
246,15,Garry's Mod,249570072,3.0
247,15,Garry's Mod,205029231,168.0
248,15,Garry's Mod,13565651,11.4
249,15,Garry's Mod,35729292,0.8
250,15,Garry's Mod,77830706,71.0
251,15,Garry's Mod,169964396,7.0
252,15,Garry's Mod,35009482,193.0
253,15,Garry's Mod,136135322,8.8
254,15,Garry's Mod,300620379,11.4
255,15,Garry's Mod,194670621,197.0
256,15,Garry's Mod,81585721,69.0
257,15,Garry's Mod,86733992,88.0
258,15,Garry's Mod,76420334,19.8
259,15,Garry's Mod,69009454,2.4
260,15,Garry's Mod,197363488,10.0
261,15,Garry's Mod,211544205,44.0
262,15,Garry's Mod,45974860,11.1
263,15,Garry's Mod,66950079,44.0
264,15,Garry's Mod,182422786,29.0
265,15,Garry's Mod,105736077,23.0
266,15,Garry's Mod,105877396,21.0
267,15,Garry's Mod,98649241,356.0
268,15,Garry's Mod,199693353,21.0
269,15,Garry's Mod,243664576,5.4
270,15,Garry's Mod,24469287,0.9
271,15,Garry's Mod,119368216,111.0
272,15,Garry's Mod,212466515,2.4
273,15,Garry's Mod,11403772,15.8
274,15,Garry's Mod,82046939,64.0
275,15,Garry's Mod,111754806,45.0
276,15,Garry's Mod,145927933,480.0
277,15,Garry's Mod,158944454,23.0
278,15,Garry's Mod,240405101,3.3
279,15,Garry's Mod,12130111,123.0
280,15,Garry's Mod,194893507,10.3
281,15,Garry's Mod,131785763,167.0
282,15,Garry's Mod,197966478,234.0
283,15,Garry's Mod,86912006,1.8
284,15,Garry's Mod,209665002,207.0
285,15,Garry's Mod,118693973,8.5
286,15,Garry's Mod,145825155,3.6
287,15,Garry's Mod,12259303,0.9
288,15,Garry's Mod,126269125,313.0
289,15,Garry's Mod,164511211,122.0
290,15,Garry's Mod,148831715,19.7
291,15,Garry's Mod,24204083,3.4
292,15,Garry's Mod,168641975,204.0
293,15,Garry's Mod,109669093,15.3
294,15,Garry's Mod,192105970,1.3
295,15,Garry's Mod,71390526,1.6
296,15,Garry's Mod,58907890,21.0
297,15,Garry's Mod,163669475,15.8
298,15,Garry's Mod,181453879,11.5
299,15,Garry's Mod,176929122,4.1
300,15,Garry's Mod,182961604,35.0
301,15,Garry's Mod,204795948,122.0
302,15,Garry's Mod,122679931,7.2
303,15,Garry's Mod,223064225,109.0
304,15,Garry's Mod,110906645,28.0
305,15,Garry's Mod,101725007,2.4
306,15,Garry's Mod,188167163,197.0
307,15,Garry's Mod,30440303,1.2
308,15,Garry's Mod,298950,6.2
309,15,Garry's Mod,129501816,3.0
310,15,Garry's Mod,150137344,214.0
311,15,Garry's Mod,176590636,13.4
312,15,Garry's Mod,173940259,5.7
313,15,Garry's Mod,119211545,13.2
314,15,Garry's Mod,149505485,33.0
315,15,Garry's Mod,104408704,10.8
316,15,Garry's Mod,267633580,642.0
317,15,Garry's Mod,171383863,6.3
318,15,Garry's Mod,157341587,13.0
319,15,Garry's Mod,171252939,36.0
320,15,Garry's Mod,186642906,31.0
321,15,Garry's Mod,99723205,13.5
322,15,Garry's Mod,36546868,1.3
323,15,Garry's Mod,102927775,63.0
324,15,Garry's Mod,72989129,1.8
325,15,Garry's Mod,152959594,129.0
326,15,Garry's Mod,100311267,94.0
327,15,Garry's Mod,195105284,7.3
328,15,Garry's Mod,91736333,16.6
329,15,Garry's Mod,124878949,4.0
330,15,Garry's Mod,170215786,14.7
331,15,Garry's Mod,147395962,19.3
332,15,Garry's Mod,171067153,32.0
333,15,Garry's Mod,153945772,1.1
334,15,Garry's Mod,102921672,1.5
335,15,Garry's Mod,116494569,15.2
336,15,Garry's Mod,160725611,1.3
337,15,Garry's Mod,26729643,526.0
338,15,Garry's Mod,52321307,3.0
339,15,Garry's Mod,221738571,27.0
340,15,Garry's Mod,3527485,3.0
341,15,Garry's Mod,199768117,16.5
342,15,Garry's Mod,114617787,1.2
343,15,Garry's Mod,197949629,7.8
344,15,Garry's Mod,181593489,83.0
345,15,Garry's Mod,258602617,6.0
346,15,Garry's Mod,106834867,7.3
347,15,Garry's Mod,38049880,0.3
348,15,Garry's Mod,33282871,13.6
349,15,Garry's Mod,49893565,312.0
350,15,Garry's Mod,89523414,6.2
351,15,Garry's Mod,213231597,3.8
352,15,Garry's Mod,103260848,1759.0
353,15,Garry's Mod,162453723,229.0
354,15,Garry's Mod,200524998,1.6
355,15,Garry's Mod,106042595,64.0
356,15,Garry's Mod,33013552,0.8
357,15,Garry's Mod,181549899,1.9
358,15,Garry's Mod,50769696,0.3
359,15,Garry's Mod,155155363,6.1
360,15,Garry's Mod,154730370,20.0
361,15,Garry's Mod,148674157,72.0
362,15,Garry's Mod,145243748,63.0
363,15,Garry's Mod,216303146,14.3
364,15,Garry's Mod,86055705,220.0
365,15,Garry's Mod,198722652,277.0
366,15,Garry's Mod,58057627,61.0
367,15,Garry's Mod,119310413,10.0
368,15,Garry's Mod,173899197,3.2
369,15,Garry's Mod,39037163,536.0
370,15,Garry's Mod,25337857,10.3
371,15,Garry's Mod,108007732,111.0
372,15,Garry's Mod,145320311,0.7
373,15,Garry's Mod,182557942,6.0
374,15,Garry's Mod,55906572,671.0
375,15,Garry's Mod,84925352,4.6
376,15,Garry's Mod,129102620,37.0
377,15,Garry's Mod,172006888,10.9
378,15,Garry's Mod,101687527,218.0
379,15,Garry's Mod,64973908,3.1
380,15,Garry's Mod,80189887,53.0
381,15,Garry's Mod,142799594,1.0
382,15,Garry's Mod,54637394,73.0
383,15,Garry's Mod,131386705,4.5
384,15,Garry's Mod,168053527,29.0
385,15,Garry's Mod,117949868,62.0
386,15,Garry's Mod,188250158,15.7
387,15,Garry's Mod,104120883,32.0
388,15,Garry's Mod,138941587,15.0
389,15,Garry's Mod,151015947,11.6
390,15,Garry's Mod,127220350,303.0
391,15,Garry's Mod,139272740,0.2
392,15,Garry's Mod,37723786,176.0
393,15,Garry's Mod,253814117,19.4
394,15,Garry's Mod,49462664,5.9
395,15,Garry's Mod,203765587,12.3
396,15,Garry's Mod,293098247,7.4
397,15,Garry's Mod,88883891,21.0
398,15,Garry's Mod,33651880,86.0
399,15,Garry's Mod,258785172,4.9
400,15,Garry's Mod,125589748,3.1
401,15,Garry's Mod,209880903,3.3
402,15,Garry's Mod,242937979,0.3
403,15,Garry's Mod,124641717,0.7
404,15,Garry's Mod,186483761,249.0
405,15,Garry's Mod,975449,0.3
406,15,Garry's Mod,107818793,3.9
407,15,Garry's Mod,33580866,90.0
408,15,Garry's Mod,127344335,11.9
409,15,Garry's Mod,212426459,67.0
410,15,Garry's Mod,96588736,62.0
411,15,Garry's Mod,126522515,41.0
412,15,Garry's Mod,88603472,0.8
413,15,Garry's Mod,168539881,264.0
414,15,Garry's Mod,21979395,35.0
415,15,Garry's Mod,15196746,72.0
416,15,Garry's Mod,264438536,13.2
417,15,Garry's Mod,104870123,118.0
418,15,Garry's Mod,15221799,2.2
419,15,Garry's Mod,133439936,15.1
420,15,Garry's Mod,220602833,8.0
421,15,Garry's Mod,58435428,26.0
422,15,Garry's Mod,125017535,38.0
423,15,Garry's Mod,119619506,223.0
424,15,Garry's Mod,91859894,125.0
425,15,Garry's Mod,42771635,259.0
426,15,Garry's Mod,126200826,0.3
427,15,Garry's Mod,75368808,73.0
428,15,Garry's Mod,182390817,12.3
429,15,Garry's Mod,34919318,19.0
430,15,Garry's Mod,186247831,12.1
431,15,Garry's Mod,47384202,3.2
432,15,Garry's Mod,170485590,4.9
433,15,Garry's Mod,208982674,1.3
434,15,Garry's Mod,133997970,33.0
435,15,Garry's Mod,99264709,270.0
436,15,Garry's Mod,96607408,9.9
437,15,Garry's Mod,276057148,33.0
438,15,Garry's Mod,175447188,3.6
439,15,Garry's Mod,22301321,1.9
440,15,Garry's Mod,250086157,18.6
441,15,Garry's Mod,59756932,2.2
442,15,Garry's Mod,106796307,34.0
443,15,Garry's Mod,106980036,0.1
444,15,Garry's Mod,113752996,337.0
445,15,Garry's Mod,131444737,4.8
446,15,Garry's Mod,156675178,4.0
447,15,Garry's Mod,35039277,2.4
448,15,Garry's Mod,151662395,1.9
449,15,Garry's Mod,209087920,25.0
450,15,Garry's Mod,93275329,49.0
451,15,Garry's Mod,128925610,2.3
452,15,Garry's Mod,128937352,2.8
453,15,Garry's Mod,200115424,49.0
454,15,Garry's Mod,135554311,133.0
455,15,Garry's Mod,71527252,0.5
456,15,Garry's Mod,170172944,8.2
457,15,Garry's Mod,61541943,2.1
458,15,Garry's Mod,59536273,2.0
459,15,Garry's Mod,189278950,53.0
460,15,Garry's Mod,149143479,38.0
461,15,Garry's Mod,156615447,9.4
462,15,Garry's Mod,51557405,2.9
463,15,Garry's Mod,149920224,2.7
464,15,Garry's Mod,244445520,19.0
465,15,Garry's Mod,224033250,35.0
466,15,Garry's Mod,161991221,226.0
467,15,Garry's Mod,217680215,59.0
468,15,Garry's Mod,178574781,3.3
469,15,Garry's Mod,209559315,3.4
470,15,Garry's Mod,167167647,112.0
471,15,Garry's Mod,88525821,0.2
472,15,Garry's Mod,127272741,9.1
473,15,Garry's Mod,161240367,385.0
474,15,Garry's Mod,163281091,1.7
475,15,Garry's Mod,302942360,15.2
476,15,Garry's Mod,124525404,21.0
477,15,Garry's Mod,55136688,47.0
478,15,Garry's Mod,199642080,18.4
479,15,Garry's Mod,116912767,59.0
480,15,Garry's Mod,184554757,30.0
481,15,Garry's Mod,216678161,80.0
482,15,Garry's Mod,9946133,79.0
483,15,Garry's Mod,160883669,4.8
484,15,Garry's Mod,130312302,1.9
485,15,Garry's Mod,172145195,2.2
486,15,Garry's Mod,68325099,11.9
487,15,Garry's Mod,99171164,296.0
488,15,Garry's Mod,123625432,12.2
489,15,Garry's Mod,156071982,101.0
490,15,Garry's Mod,159277759,41.0
491,15,Garry's Mod,146145063,28.0
492,15,Garry's Mod,180901075,1.4
493,15,Garry's Mod,127335438,19.7
494,15,Garry's Mod,190191843,1.5
495,15,Garry's Mod,125246281,9.2
496,15,Garry's Mod,191244808,41.0
497,15,Garry's Mod,111212436,71.0
498,15,Garry's Mod,96400571,34.0
499,15,Garry's Mod,133422169,85.0
500,15,Garry's Mod,45617627,4.5
501,15,Garry's Mod,195780309,3.9
502,15,Garry's Mod,203968405,87.0
503,15,Garry's Mod,156965566,16.2
504,15,Garry's Mod,166863117,0.7
505,15,Garry's Mod,30913209,88.0
506,15,Garry's Mod,71510748,1.7
507,15,Garry's Mod,240551525,29.0
508,15,Garry's Mod,27279261,12.2
509,15,Garry's Mod,23608098,3.0
510,15,Garry's Mod,15841597,51.0
511,15,Garry's Mod,185130561,27.0
512,15,Garry's Mod,2643609,3.0
513,15,Garry's Mod,172434236,339.0
514,15,Garry's Mod,90272527,4.4
515,15,Garry's Mod,63157803,153.0
516,15,Garry's Mod,57368001,6.0
517,15,Garry's Mod,131610144,2.1
518,15,Garry's Mod,105788297,38.0
519,15,Garry's Mod,211454678,334.0
520,15,Garry's Mod,17530772,5.3
521,15,Garry's Mod,156565178,7.2
522,15,Garry's Mod,11940338,0.2
523,15,Garry's Mod,85210874,20.0
524,15,Garry's Mod,29302014,3.5
525,15,Garry's Mod,165101762,90.0
526,15,Garry's Mod,77194239,14.5
527,15,Garry's Mod,128207897,14.9
528,15,Garry's Mod,205606245,0.8
529,15,Garry's Mod,125153273,14.7
530,15,Garry's Mod,155042139,134.0
531,15,Garry's Mod,141402600,12.4
532,15,Garry's Mod,97614578,163.0
533,15,Garry's Mod,66229356,0.8
534,15,Garry's Mod,17567828,3.3
535,15,Garry's Mod,88775181,15.1
536,15,Garry's Mod,63990035,41.0
537,15,Garry's Mod,304213220,55.0
538,15,Garry's Mod,188949150,86.0
539,15,Garry's Mod,82352462,4.6
540,15,Garry's Mod,189441775,1.1
541,15,Garry's Mod,175001491,170.0
542,15,Garry's Mod,164820245,1.0
543,15,Garry's Mod,94936385,168.0
544,15,Garry's Mod,118852041,99.0
545,15,Garry's Mod,131348564,46.0
546,15,Garry's Mod,55751308,16.1
547,15,Garry's Mod,48798067,88.0
548,15,Garry's Mod,161139120,174.0
549,15,Garry's Mod,193196975,22.0
550,15,Garry's Mod,82203951,49.0
551,15,Garry's Mod,62990992,2.7
552,15,Garry's Mod,109780632,8.2
553,15,Garry's Mod,133228469,2.1
554,15,Garry's Mod,148264060,36.0
555,15,Garry's Mod,10302000,0.6
556,15,Garry's Mod,230944154,116.0
557,15,Garry's Mod,222050169,67.0
558,15,Garry's Mod,152078939,245.0
559,15,Garry's Mod,115487966,199.0
560,15,Garry's Mod,113546110,1.0
561,15,Garry's Mod,79211079,33.0
562,15,Garry's Mod,36557643,28.0
563,15,Garry's Mod,303615424,2.0
564,15,Garry's Mod,64023574,22.0
565,15,Garry's Mod,206494852,46.0
566,15,Garry's Mod,234348805,6.6
567,15,Garry's Mod,90711776,28.0
568,15,Garry's Mod,167118460,3.8
569,15,Garry's Mod,156733822,59.0
570,15,Garry's Mod,19696244,12.0
571,15,Garry's Mod,207424334,1.5
572,15,Garry's Mod,124400480,126.0
573,15,Garry's Mod,239511574,2.3
574,15,Garry's Mod,188266554,15.3
575,15,Garry's Mod,115996656,181.0
576,15,Garry's Mod,63895034,0.3
577,15,Garry's Mod,249643192,234.0
578,15,Garry's Mod,132748085,9.8
579,15,Garry's Mod,113580708,26.0
580,15,Garry's Mod,195946569,8.5
581,15,Garry's Mod,49228258,44.0
582,15,Garry's Mod,111182405,0.9
583,15,Garry's Mod,45532207,173.0
584,15,Garry's Mod,119937035,3667.0
585,15,Garry's Mod,124725852,75.0
586,15,Garry's Mod,159812802,0.2
587,15,Garry's Mod,122620165,0.3
588,15,Garry's Mod,126992940,22.0
589,15,Garry's Mod,135244036,101.0
590,15,Garry's Mod,270356700,6.0
591,15,Garry's Mod,14962163,1.7
592,15,Garry's Mod,21539893,6.0
593,15,Garry's Mod,126796140,4.1
594,15,Garry's Mod,248882404,17.7
595,15,Garry's Mod,185494712,407.0
596,15,Garry's Mod,105159791,13.9
597,15,Garry's Mod,108160472,23.0
598,15,Garry's Mod,163930591,72.0
599,15,Garry's Mod,161663718,425.0
600,15,Garry's Mod,85497862,103.0
601,15,Garry's Mod,154687199,22.0
602,15,Garry's Mod,165755355,68.0
603,15,Garry's Mod,95699780,1.5
604,15,Garry's Mod,72978546,10.6
605,15,Garry's Mod,129117376,87.0
606,15,Garry's Mod,123734483,13.4
607,15,Garry's Mod,220561138,3.2
608,15,Garry's Mod,191052911,4.2
609,15,Garry's Mod,231255153,7.0
610,15,Garry's Mod,181666776,386.0
611,15,Garry's Mod,95084569,3.4
612,15,Garry's Mod,82287546,0.4
613,15,Garry's Mod,114727578,1.7
614,15,Garry's Mod,101596530,454.0
615,15,Garry's Mod,108114779,158.0
616,15,Garry's Mod,155919035,152.0
617,15,Garry's Mod,33659046,101.0
618,15,Garry's Mod,156818121,372.0
619,15,Garry's Mod,86433707,17.2
620,15,Garry's Mod,86738567,9.6
621,15,Garry's Mod,151256632,71.0
622,15,Garry's Mod,31187179,392.0
623,15,Garry's Mod,2753525,19.0
624,15,Garry's Mod,129391396,1.3
625,15,Garry's Mod,181894864,0.4
626,15,Garry's Mod,150995572,104.0
627,15,Garry's Mod,127594108,13.2
628,15,Garry's Mod,40212239,2.3
629,15,Garry's Mod,112626210,48.0
630,15,Garry's Mod,103731895,446.0
631,15,Garry's Mod,143235127,186.0
632,15,Garry's Mod,127072755,11.7
633,15,Garry's Mod,165065938,14.8
634,15,Garry's Mod,163162333,111.0
635,15,Garry's Mod,296283194,4.9
636,15,Garry's Mod,236394893,666.0
637,15,Garry's Mod,168732483,23.0
638,15,Garry's Mod,137610845,176.0
639,15,Garry's Mod,210170887,18.9
640,15,Garry's Mod,80494893,0.4
641,15,Garry's Mod,50797633,1.8
642,15,Garry's Mod,116876958,5.4
643,15,Garry's Mod,123165817,34.0
644,15,Garry's Mod,187463594,5.9
645,15,Garry's Mod,19085114,14.3
646,15,Garry's Mod,181819729,3.3
647,15,Garry's Mod,102295765,5.2
648,15,Garry's Mod,93259090,2.7
649,15,Garry's Mod,65145468,1.4
650,15,Garry's Mod,86481908,71.0
651,15,Garry's Mod,300708628,5.4
652,15,Garry's Mod,132300630,311.0
653,15,Garry's Mod,86041729,446.0
654,15,Garry's Mod,58297398,29.0
655,15,Garry's Mod,72613527,1117.0
656,15,Garry's Mod,184694766,15.3
657,15,Garry's Mod,165356998,5.3
658,15,Garry's Mod,100719181,29.0
659,15,Garry's Mod,209869297,5.2
660,15,Garry's Mod,30519870,376.0
661,15,Garry's Mod,43936108,4.2
662,15,Garry's Mod,110546460,2.2
663,15,Garry's Mod,169653526,16.0
664,15,Garry's Mod,83090686,23.0
665,15,Garry's Mod,215208719,15.9
666,15,Garry's Mod,164318687,12.4
667,15,Garry's Mod,186022495,1.1
668,15,Garry's Mod,168094655,111.0
669,15,Garry's Mod,221961243,6.4
670,15,Garry's Mod,134322141,208.0
671,15,Garry's Mod,110478743,96.0
672,15,Garry's Mod,182229935,180.0
673,15,Garry's Mod,150305902,6.5
674,15,Garry's Mod,113268833,45.0
675,15,Garry's Mod,205285563,38.0
676,15,Garry's Mod,90265311,0.7
677,15,Garry's Mod,54310644,2.5
678,15,Garry's Mod,134213189,32.0
679,15,Garry's Mod,118189718,347.0
680,15,Garry's Mod,79316774,1.8
681,15,Garry's Mod,105243827,21.0
682,15,Garry's Mod,16710264,26.0
683,15,Garry's Mod,108878910,76.0
684,15,Garry's Mod,5387470,0.6
685,15,Garry's Mod,113729479,0.5
686,15,Garry's Mod,159411437,3.7
687,15,Garry's Mod,172518437,27.0
688,15,Garry's Mod,167985276,79.0
689,15,Garry's Mod,117488479,15.7
690,15,Garry's Mod,162421622,4.1
691,15,Garry's Mod,39361297,21.0
692,15,Garry's Mod,201265166,2.3
693,15,Garry's Mod,248254297,2.9
694,15,Garry's Mod,50305489,21.0
695,15,Garry's Mod,201895745,76.0
696,15,Garry's Mod,191988742,11.5
697,15,Garry's Mod,14465359,186.0
698,15,Garry's Mod,155003926,3.0
699,15,Garry's Mod,292332406,8.2
700,15,Garry's Mod,67579257,0.3
701,15,Garry's Mod,163415496,65.0
702,15,Garry's Mod,181158622,733.0
703,15,Garry's Mod,165216496,195.0
704,15,Garry's Mod,45030250,8.4
705,15,Garry's Mod,78309377,16.5
706,15,Garry's Mod,166228529,15.5
707,15,Garry's Mod,161816812,203.0
708,15,Garry's Mod,61070572,153.0
709,15,Garry's Mod,192503967,58.0
710,15,Garry's Mod,123904490,7.4
711,15,Garry's Mod,158974308,64.0
712,15,Garry's Mod,209772097,54.0
713,15,Garry's Mod,166656680,5.3
714,15,Garry's Mod,153148942,1.8
715,15,Garry's Mod,139016142,68.0
716,15,Garry's Mod,50818751,1.7
717,15,Garry's Mod,82156706,1.2
718,15,Garry's Mod,138725344,8.1
719,15,Garry's Mod,117601858,9.1
720,15,Garry's Mod,150135487,17.3
721,15,Garry's Mod,60608576,18.0
722,15,Garry's Mod,26762388,30.0
723,15,Garry's Mod,122094388,84.0
724,15,Garry's Mod,296444878,1.1
725,15,Garry's Mod,119239620,24.0
726,15,Garry's Mod,148362155,4.3
727,15,Garry's Mod,126191291,13.4
728,15,Garry's Mod,112849197,4.3
729,15,Garry's Mod,103638409,61.0
730,15,Garry's Mod,94851051,7.2
731,15,Garry's Mod,177625788,118.0
732,15,Garry's Mod,138482130,28.0
733,15,Garry's Mod,252363833,13.0
734,15,Garry's Mod,159800136,451.0
735,15,Garry's Mod,206982761,23.0
736,15,Garry's Mod,275875486,30.0
737,15,Garry's Mod,213188895,26.0
738,15,Garry's Mod,205058166,3.5
739,15,Garry's Mod,30239820,0.7
740,15,Garry's Mod,174226719,528.0
741,15,Garry's Mod,196595568,6.2
742,15,Garry's Mod,188681523,8.6
743,15,Garry's Mod,164097534,14.9
744,15,Garry's Mod,77980915,33.0
745,15,Garry's Mod,200673341,14.4
746,15,Garry's Mod,105503045,5.5
747,15,Garry's Mod,214309931,5.9
748,15,Garry's Mod,77214425,414.0
749,15,Garry's Mod,161654643,4.8
750,15,Garry's Mod,135147743,17.9
751,15,Garry's Mod,93478035,64.0
752,15,Garry's Mod,151943497,2.1
753,15,Garry's Mod,85458882,5.1
754,15,Garry's Mod,302472242,1.4
755,15,Garry's Mod,194111617,0.9
756,15,Garry's Mod,84560845,13.0
757,15,Garry's Mod,24632218,44.0
758,15,Garry's Mod,241210827,41.0
759,15,Garry's Mod,161759944,1.5
760,15,Garry's Mod,223330523,158.0
761,15,Garry's Mod,45292137,29.0
762,15,Garry's Mod,58345543,21.0
763,15,Garry's Mod,58931437,8.8
764,15,Garry's Mod,134223421,12.9
765,15,Garry's Mod,92593907,166.0
766,15,Garry's Mod,171015775,18.6
767,15,Garry's Mod,80650761,0.2
768,15,Garry's Mod,167194020,17.8
769,15,Garry's Mod,31669242,2.6
770,15,Garry's Mod,134765677,1.4
771,15,Garry's Mod,85959768,310.0
772,15,Garry's Mod,154296520,134.0
773,15,Garry's Mod,98265922,10.2
774,15,Garry's Mod,174838943,44.0
775,15,Garry's Mod,110546832,0.9
776,15,Garry's Mod,202140438,5.0
777,15,Garry's Mod,127628725,10.0
778,15,Garry's Mod,152419713,50.0
779,15,Garry's Mod,205731112,53.0
780,15,Garry's Mod,49050405,5.8
781,15,Garry's Mod,56789999,454.0
782,15,Garry's Mod,21861124,46.0
783,15,Garry's Mod,154230933,1.9
784,15,Garry's Mod,163712958,13.8
785,15,Garry's Mod,66596291,64.0
786,15,Garry's Mod,129966650,13.8
787,15,Garry's Mod,48525807,470.0
788,15,Garry's Mod,138044624,130.0
789,15,Garry's Mod,114924461,40.0
790,15,Garry's Mod,172842461,6.2
791,15,Garry's Mod,86499586,33.0
792,15,Garry's Mod,34281672,3.0
793,15,Garry's Mod,122274197,1.0
794,15,Garry's Mod,67708331,3.6
795,15,Garry's Mod,108264287,26.0
796,15,Garry's Mod,182726567,87.0
797,15,Garry's Mod,166669789,51.0
798,15,Garry's Mod,137451490,22.0
799,15,Garry's Mod,162081645,364.0
800,15,Garry's Mod,198735293,238.0
801,15,Garry's Mod,94521606,1.4
802,15,Garry's Mod,142793906,12.7
803,15,Garry's Mod,173774528,35.0
804,15,Garry's Mod,18066817,9.9
805,15,Garry's Mod,181385269,1.6
806,15,Garry's Mod,121884238,26.0
807,15,Garry's Mod,155464938,61.0
808,15,Garry's Mod,156021358,6.4
809,15,Garry's Mod,32577778,1.2
810,15,Garry's Mod,150033540,24.0
811,15,Garry's Mod,164475918,88.0
812,15,Garry's Mod,199659716,160.0
813,15,Garry's Mod,242973261,8.3
814,15,Garry's Mod,36404933,5.5
815,15,Garry's Mod,99711581,24.0
816,15,Garry's Mod,89691468,17.6
817,15,Garry's Mod,53097340,4.1
818,15,Garry's Mod,80511960,1418.0
819,15,Garry's Mod,68240622,10.0
820,15,Garry's Mod,193103684,29.0
821,15,Garry's Mod,48666962,61.0
822,15,Garry's Mod,158429732,32.0
823,15,Garry's Mod,112845094,60.0
824,15,Garry's Mod,264626784,0.2
825,15,Garry's Mod,81943620,2.0
826,15,Garry's Mod,156407373,37.0
827,15,Garry's Mod,206896748,59.0
828,15,Garry's Mod,170198088,18.7
829,15,Garry's Mod,154230723,51.0
830,15,Garry's Mod,87201181,14.6
831,15,Garry's Mod,258673767,11.1
832,15,Garry's Mod,34901647,26.0
833,15,Garry's Mod,154145611,1216.0
834,15,Garry's Mod,111362598,48.0
835,15,Garry's Mod,151600301,309.0
836,15,Garry's Mod,135400225,0.8
837,16,Grand Theft Auto V,53875128,86.0
838,16,Grand Theft Auto V,11373749,61.0
839,16,Grand Theft Auto V,263856756,499.0
840,16,Grand Theft Auto V,171847029,33.0
841,16,Grand Theft Auto V,226033921,86.0
842,16,Grand Theft Auto V,42061089,52.0
843,16,Grand Theft Auto V,142001340,134.0
844,16,Grand Theft Auto V,43913966,74.0
845,16,Grand Theft Auto V,131973876,8.1
846,16,Grand Theft Auto V,44482198,2.5
847,16,Grand Theft Auto V,58029555,68.0
848,16,Grand Theft Auto V,102825821,27.0
849,16,Grand Theft Auto V,218680215,2.2
850,16,Grand Theft Auto V,160427210,44.0
851,16,Grand Theft Auto V,48028873,7.4
852,16,Grand Theft Auto V,57433226,114.0
853,16,Grand Theft Auto V,131940023,7.4
854,16,Grand Theft Auto V,89732768,39.0
855,16,Grand Theft Auto V,124556386,10.5
856,16,Grand Theft Auto V,191747590,9.4
857,16,Grand Theft Auto V,228908339,93.0
858,16,Grand Theft Auto V,174204642,170.0
859,16,Grand Theft Auto V,272181160,8.6
860,16,Grand Theft Auto V,189858084,11.4
861,16,Grand Theft Auto V,223324734,112.0
862,16,Grand Theft Auto V,74347105,235.0
863,16,Grand Theft Auto V,87734805,14.7
864,16,Grand Theft Auto V,13565651,16.4
865,16,Grand Theft Auto V,65420540,17.5
866,16,Grand Theft Auto V,77830706,104.0
867,16,Grand Theft Auto V,8542204,13.1
868,16,Grand Theft Auto V,67492611,40.0
869,16,Grand Theft Auto V,157058673,15.4
870,16,Grand Theft Auto V,43360645,27.0
871,16,Grand Theft Auto V,148761419,236.0
872,16,Grand Theft Auto V,45974860,94.0
873,16,Grand Theft Auto V,199693353,132.0
874,16,Grand Theft Auto V,24011187,9.7
875,16,Grand Theft Auto V,24469287,34.0
876,16,Grand Theft Auto V,39622853,64.0
877,16,Grand Theft Auto V,212466515,34.0
878,16,Grand Theft Auto V,186673066,2.5
879,16,Grand Theft Auto V,111754806,128.0
880,16,Grand Theft Auto V,9128105,8.6
881,16,Grand Theft Auto V,135066372,21.0
882,16,Grand Theft Auto V,233104650,273.0
883,16,Grand Theft Auto V,59790700,42.0
884,16,Grand Theft Auto V,126269125,11.8
885,16,Grand Theft Auto V,77124916,460.0
886,16,Grand Theft Auto V,2259650,4.3
887,16,Grand Theft Auto V,287848624,1.4
888,16,Grand Theft Auto V,189813843,75.0
889,16,Grand Theft Auto V,58907890,89.0
890,16,Grand Theft Auto V,227490126,13.4
891,16,Grand Theft Auto V,234190577,212.0
892,16,Grand Theft Auto V,127461743,177.0
893,16,Grand Theft Auto V,110906645,297.0
894,16,Grand Theft Auto V,173940259,26.0
895,16,Grand Theft Auto V,224998865,158.0
896,16,Grand Theft Auto V,141408990,47.0
897,16,Grand Theft Auto V,99723205,11.9
898,16,Grand Theft Auto V,36546868,73.0
899,16,Grand Theft Auto V,22371742,7.3
900,16,Grand Theft Auto V,115008799,6.9
901,16,Grand Theft Auto V,46637811,93.0
902,16,Grand Theft Auto V,259038184,96.0
903,16,Grand Theft Auto V,11978743,0.8
904,16,Grand Theft Auto V,179936723,10.8
905,16,Grand Theft Auto V,49669626,20.0
906,16,Grand Theft Auto V,33282871,4.2
907,16,Grand Theft Auto V,49893565,23.0
908,16,Grand Theft Auto V,103260848,495.0
909,16,Grand Theft Auto V,43684632,18.0
910,16,Grand Theft Auto V,48984158,57.0
911,16,Grand Theft Auto V,152497084,35.0
912,16,Grand Theft Auto V,158620881,18.6
913,16,Grand Theft Auto V,167785065,104.0
914,16,Grand Theft Auto V,294785149,18.6
915,16,Grand Theft Auto V,255622304,2.8
916,16,Grand Theft Auto V,278613910,58.0
917,16,Grand Theft Auto V,58057627,21.0
918,16,Grand Theft Auto V,39037163,63.0
919,16,Grand Theft Auto V,45774794,49.0
920,16,Grand Theft Auto V,145908178,263.0
921,16,Grand Theft Auto V,154458931,78.0
922,16,Grand Theft Auto V,108007732,85.0
923,16,Grand Theft Auto V,65398650,6.6
924,16,Grand Theft Auto V,205965436,19.3
925,16,Grand Theft Auto V,70408902,108.0
926,16,Grand Theft Auto V,46055854,217.0
927,16,Grand Theft Auto V,209807861,36.0
928,16,Grand Theft Auto V,181010210,4.2
929,16,Grand Theft Auto V,202057920,52.0
930,16,Grand Theft Auto V,101687527,127.0
931,16,Grand Theft Auto V,64973908,95.0
932,16,Grand Theft Auto V,75463760,1.5
933,16,Grand Theft Auto V,80189887,59.0
934,16,Grand Theft Auto V,191126693,209.0
935,16,Grand Theft Auto V,142799594,28.0
936,16,Grand Theft Auto V,30699429,40.0
937,16,Grand Theft Auto V,168053527,62.0
938,16,Grand Theft Auto V,117949868,88.0
939,16,Grand Theft Auto V,51085779,132.0
940,16,Grand Theft Auto V,174287424,58.0
941,16,Grand Theft Auto V,43955374,17.0
942,16,Grand Theft Auto V,88883891,36.0
943,16,Grand Theft Auto V,29873979,8.0
944,16,Grand Theft Auto V,107818793,63.0
945,16,Grand Theft Auto V,297379779,16.8
946,16,Grand Theft Auto V,133024750,30.0
947,16,Grand Theft Auto V,112865325,32.0
948,16,Grand Theft Auto V,233532285,381.0
949,16,Grand Theft Auto V,91859894,55.0
950,16,Grand Theft Auto V,34919318,74.0
951,16,Grand Theft Auto V,241465305,62.0
952,16,Grand Theft Auto V,103371488,260.0
953,16,Grand Theft Auto V,22301321,2.0
954,16,Grand Theft Auto V,107743243,337.0
955,16,Grand Theft Auto V,199841615,36.0
956,16,Grand Theft Auto V,59205262,27.0
957,16,Grand Theft Auto V,113752996,339.0
958,16,Grand Theft Auto V,251594700,62.0
959,16,Grand Theft Auto V,27403206,10.3
960,16,Grand Theft Auto V,123128145,841.0
961,16,Grand Theft Auto V,113227222,21.0
962,16,Grand Theft Auto V,218463646,6.9
963,16,Grand Theft Auto V,202738708,446.0
964,16,Grand Theft Auto V,79017735,97.0
965,16,Grand Theft Auto V,190305835,150.0
966,16,Grand Theft Auto V,51557405,40.0
967,16,Grand Theft Auto V,216688763,109.0
968,16,Grand Theft Auto V,80550861,4.3
969,16,Grand Theft Auto V,161240367,94.0
970,16,Grand Theft Auto V,234114335,21.0
971,16,Grand Theft Auto V,152741550,29.0
972,16,Grand Theft Auto V,178038549,389.0
973,16,Grand Theft Auto V,260788360,9.4
974,16,Grand Theft Auto V,185258131,99.0
975,16,Grand Theft Auto V,190191843,175.0
976,16,Grand Theft Auto V,201656921,208.0
977,16,Grand Theft Auto V,170947678,27.0
978,16,Grand Theft Auto V,195780309,106.0
979,16,Grand Theft Auto V,55761025,36.0
980,16,Grand Theft Auto V,30913209,68.0
981,16,Grand Theft Auto V,7907686,1.8
982,16,Grand Theft Auto V,131610144,185.0
983,16,Grand Theft Auto V,109175936,137.0
984,16,Grand Theft Auto V,59382844,85.0
985,16,Grand Theft Auto V,159734412,4.9
986,16,Grand Theft Auto V,276958784,12.0
987,16,Grand Theft Auto V,17530772,192.0
988,16,Grand Theft Auto V,11940338,46.0
989,16,Grand Theft Auto V,77194239,43.0
990,16,Grand Theft Auto V,35433662,67.0
991,16,Grand Theft Auto V,203092936,50.0
992,16,Grand Theft Auto V,155042139,107.0
993,16,Grand Theft Auto V,17567828,209.0
994,16,Grand Theft Auto V,88775181,151.0
995,16,Grand Theft Auto V,82352462,10.0
996,16,Grand Theft Auto V,287778652,7.7
997,16,Grand Theft Auto V,94936385,54.0
998,16,Grand Theft Auto V,193196975,18.8
999,16,Grand Theft Auto V,159077305,3.2
1000,16,Grand Theft Auto V,230944154,7.0
1001,16,Grand Theft Auto V,36557643,3.1
1002,16,Grand Theft Auto V,46028967,16.1
1003,16,Grand Theft Auto V,101212067,35.0
1004,16,Grand Theft Auto V,19696244,136.0
1005,16,Grand Theft Auto V,139873696,47.0
1006,16,Grand Theft Auto V,192170147,21.0
1007,16,Grand Theft Auto V,197190654,49.0
1008,16,Grand Theft Auto V,115167911,248.0
1009,16,Grand Theft Auto V,191979928,150.0
1010,16,Grand Theft Auto V,10599862,3.1
1011,16,Grand Theft Auto V,14962163,9.1
1012,16,Grand Theft Auto V,163930591,80.0
1013,16,Grand Theft Auto V,142433607,4.6
1014,16,Grand Theft Auto V,183048608,118.0
1015,16,Grand Theft Auto V,174002551,86.0
1016,16,Grand Theft Auto V,83625754,48.0
1017,16,Grand Theft Auto V,193087158,103.0
1018,16,Grand Theft Auto V,31187179,106.0
1019,16,Grand Theft Auto V,2753525,154.0
1020,16,Grand Theft Auto V,61189155,103.0
1021,16,Grand Theft Auto V,27545486,277.0
1022,16,Grand Theft Auto V,12760368,0.6
1023,16,Grand Theft Auto V,231493001,302.0
1024,16,Grand Theft Auto V,137610845,17.7
1025,16,Grand Theft Auto V,41719717,71.0
1026,16,Grand Theft Auto V,187463594,275.0
1027,16,Grand Theft Auto V,62658713,12.2
1028,16,Grand Theft Auto V,262195804,52.0
1029,16,Grand Theft Auto V,12144171,29.0
1030,16,Grand Theft Auto V,84045371,14.0
1031,16,Grand Theft Auto V,202427012,84.0
1032,16,Grand Theft Auto V,236496373,174.0
1033,16,Grand Theft Auto V,132300630,194.0
1034,16,Grand Theft Auto V,10253354,49.0
1035,16,Grand Theft Auto V,95037089,65.0
1036,16,Grand Theft Auto V,144845684,28.0
1037,16,Grand Theft Auto V,92595907,3.3
1038,16,Grand Theft Auto V,11149819,27.0
1039,16,Grand Theft Auto V,32126281,207.0
1040,16,Grand Theft Auto V,207718097,140.0
1041,16,Grand Theft Auto V,136219907,115.0
1042,16,Grand Theft Auto V,268845100,34.0
1043,16,Grand Theft Auto V,5387470,9.3
1044,16,Grand Theft Auto V,189929581,364.0
1045,16,Grand Theft Auto V,259454041,12.7
1046,16,Grand Theft Auto V,172518437,43.0
1047,16,Grand Theft Auto V,168726386,82.0
1048,16,Grand Theft Auto V,201768926,5.5
1049,16,Grand Theft Auto V,14465359,38.0
1050,16,Grand Theft Auto V,67579257,49.0
1051,16,Grand Theft Auto V,252918139,16.2
1052,16,Grand Theft Auto V,252083412,35.0
1053,16,Grand Theft Auto V,78309377,58.0
1054,16,Grand Theft Auto V,161816812,66.0
1055,16,Grand Theft Auto V,192503967,96.0
1056,16,Grand Theft Auto V,158974308,231.0
1057,16,Grand Theft Auto V,44314169,3.5
1058,16,Grand Theft Auto V,293587092,13.4
1059,16,Grand Theft Auto V,111422562,127.0
1060,16,Grand Theft Auto V,236188947,147.0
1061,16,Grand Theft Auto V,157193017,96.0
1062,16,Grand Theft Auto V,26762388,103.0
1063,16,Grand Theft Auto V,122094388,17.2
1064,16,Grand Theft Auto V,119239620,90.0
1065,16,Grand Theft Auto V,81591317,23.0
1066,16,Grand Theft Auto V,198081354,59.0
1067,16,Grand Theft Auto V,136397050,128.0
1068,16,Grand Theft Auto V,87040683,122.0
1069,16,Grand Theft Auto V,38317154,52.0
1070,16,Grand Theft Auto V,138482130,49.0
1071,16,Grand Theft Auto V,221694858,149.0
1072,16,Grand Theft Auto V,51382080,14.8
1073,16,Grand Theft Auto V,117022366,22.0
1074,16,Grand Theft Auto V,298178235,5.9
1075,16,Grand Theft Auto V,298822624,29.0
1076,16,Grand Theft Auto V,37294596,24.0
1077,16,Grand Theft Auto V,82263745,38.0
1078,16,Grand Theft Auto V,57770056,42.0
1079,16,Grand Theft Auto V,184314651,4.7
1080,16,Grand Theft Auto V,45292137,38.0
1081,16,Grand Theft Auto V,75457821,11.9
1082,16,Grand Theft Auto V,77818807,47.0
1083,16,Grand Theft Auto V,125912054,65.0
1084,16,Grand Theft Auto V,208616727,30.0
1085,16,Grand Theft Auto V,162319568,39.0
1086,16,Grand Theft Auto V,60439399,43.0
1087,16,Grand Theft Auto V,66596291,109.0
1088,16,Grand Theft Auto V,133378280,144.0
1089,16,Grand Theft Auto V,74764496,82.0
1090,16,Grand Theft Auto V,34281672,0.2
1091,16,Grand Theft Auto V,212078557,21.0
1092,16,Grand Theft Auto V,194854693,74.0
1093,16,Grand Theft Auto V,125682446,823.0
1094,16,Grand Theft Auto V,79319075,347.0
1095,16,Grand Theft Auto V,175941533,64.0
1096,16,Grand Theft Auto V,177213985,177.0
1097,16,Grand Theft Auto V,92276000,48.0
1098,16,Grand Theft Auto V,112845094,116.0
1099,16,Grand Theft Auto V,138958592,23.0
1100,16,Grand Theft Auto V,206896748,11.9
1101,16,Grand Theft Auto V,42657809,14.8
1102,16,Grand Theft Auto V,294006204,114.0
1103,16,Grand Theft Auto V,111362598,20.0
1104,16,Grand Theft Auto V,161896440,105.0
1105,16,Grand Theft Auto V,99096740,68.0
1106,19,Kenshi,43913966,0.2
1107,19,Kenshi,105384518,266.0
1108,19,Kenshi,126200826,0.1
1109,19,Kenshi,47384303,0.4
1110,20,Left 4 Dead 2,151603712,8.9
1111,20,Left 4 Dead 2,53875128,71.0
1112,20,Left 4 Dead 2,11373749,270.0
1113,20,Left 4 Dead 2,54103616,15.8
1114,20,Left 4 Dead 2,49769103,1.4
1115,20,Left 4 Dead 2,64350600,8.6
1116,20,Left 4 Dead 2,151229648,2.7
1117,20,Left 4 Dead 2,56038151,0.5
1118,20,Left 4 Dead 2,63276972,3.6
1119,20,Left 4 Dead 2,148510973,2.4
1120,20,Left 4 Dead 2,9823354,2.7
1121,20,Left 4 Dead 2,107886872,27.0
1122,20,Left 4 Dead 2,19586574,6.9
1123,20,Left 4 Dead 2,215540943,6.3
1124,20,Left 4 Dead 2,42928788,5.3
1125,20,Left 4 Dead 2,25096601,0.6
1126,20,Left 4 Dead 2,42061089,24.0
1127,20,Left 4 Dead 2,86338111,29.0
1128,20,Left 4 Dead 2,74232403,4.2
1129,20,Left 4 Dead 2,112994491,2.0
1130,20,Left 4 Dead 2,92914917,15.3
1131,20,Left 4 Dead 2,72842694,3.3
1132,20,Left 4 Dead 2,20200395,19.0
1133,20,Left 4 Dead 2,32498610,20.0
1134,20,Left 4 Dead 2,85714521,18.8
1135,20,Left 4 Dead 2,49767455,33.0
1136,20,Left 4 Dead 2,61676491,5.4
1137,20,Left 4 Dead 2,157469247,1.5
1138,20,Left 4 Dead 2,122803519,17.5
1139,20,Left 4 Dead 2,34177747,307.0
1140,20,Left 4 Dead 2,49350285,431.0
1141,20,Left 4 Dead 2,31727716,54.0
1142,20,Left 4 Dead 2,60217594,1.9
1143,20,Left 4 Dead 2,85643975,0.4
1144,20,Left 4 Dead 2,117129725,4.4
1145,20,Left 4 Dead 2,242242432,7.2
1146,20,Left 4 Dead 2,91800733,8.5
1147,20,Left 4 Dead 2,106760673,66.0
1148,20,Left 4 Dead 2,96771844,1.2
1149,20,Left 4 Dead 2,1950243,49.0
1150,20,Left 4 Dead 2,142183287,7.6
1151,20,Left 4 Dead 2,43913966,90.0
1152,20,Left 4 Dead 2,121280370,2.0
1153,20,Left 4 Dead 2,120725727,29.0
1154,20,Left 4 Dead 2,151397156,22.0
1155,20,Left 4 Dead 2,87071236,4.1
1156,20,Left 4 Dead 2,62317148,22.0
1157,20,Left 4 Dead 2,44482198,36.0
1158,20,Left 4 Dead 2,138570935,4.9
1159,20,Left 4 Dead 2,79411077,31.0
1160,20,Left 4 Dead 2,167202599,63.0
1161,20,Left 4 Dead 2,160640171,0.8
1162,20,Left 4 Dead 2,167106826,6.0
1163,20,Left 4 Dead 2,52907921,5.3
1164,20,Left 4 Dead 2,103574570,0.1
1165,20,Left 4 Dead 2,12610800,2.3
1166,20,Left 4 Dead 2,83420834,19.0
1167,20,Left 4 Dead 2,87832209,16.6
1168,20,Left 4 Dead 2,57798235,9.2
1169,20,Left 4 Dead 2,90541290,26.0
1170,20,Left 4 Dead 2,159777976,9.3
1171,20,Left 4 Dead 2,48028873,11.3
1172,20,Left 4 Dead 2,57433226,8.6
1173,20,Left 4 Dead 2,93413084,13.3
1174,20,Left 4 Dead 2,24366790,5.5
1175,20,Left 4 Dead 2,174415183,7.0
1176,20,Left 4 Dead 2,193156880,8.4
1177,20,Left 4 Dead 2,107377573,1.5
1178,20,Left 4 Dead 2,62545742,9.9
1179,20,Left 4 Dead 2,115037563,6.2
1180,20,Left 4 Dead 2,77279068,15.6
1181,20,Left 4 Dead 2,159946174,64.0
1182,20,Left 4 Dead 2,80164199,3.0
1183,20,Left 4 Dead 2,131032344,90.0
1184,20,Left 4 Dead 2,106147454,98.0
1185,20,Left 4 Dead 2,217709850,0.2
1186,20,Left 4 Dead 2,26430231,3.3
1187,20,Left 4 Dead 2,28064589,4.6
1188,20,Left 4 Dead 2,84455820,1.0
1189,20,Left 4 Dead 2,189858084,1.7
1190,20,Left 4 Dead 2,93644606,15.1
1191,20,Left 4 Dead 2,234108053,4.9
1192,20,Left 4 Dead 2,176539817,3.7
1193,20,Left 4 Dead 2,120116659,1.2
1194,20,Left 4 Dead 2,118792304,22.0
1195,20,Left 4 Dead 2,37827989,21.0
1196,20,Left 4 Dead 2,87734805,7.5
1197,20,Left 4 Dead 2,13565651,11.5
1198,20,Left 4 Dead 2,134967717,21.0
1199,20,Left 4 Dead 2,35729292,151.0
1200,20,Left 4 Dead 2,82020006,74.0
1201,20,Left 4 Dead 2,53898495,0.5
1202,20,Left 4 Dead 2,35009482,25.0
1203,20,Left 4 Dead 2,8542204,0.5
1204,20,Left 4 Dead 2,194670621,28.0
1205,20,Left 4 Dead 2,81585721,10.4
1206,20,Left 4 Dead 2,86733992,0.1
1207,20,Left 4 Dead 2,69009454,14.1
1208,20,Left 4 Dead 2,67492611,2.6
1209,20,Left 4 Dead 2,201737586,7.7
1210,20,Left 4 Dead 2,43360645,33.0
1211,20,Left 4 Dead 2,30425578,8.7
1212,20,Left 4 Dead 2,211544205,3.8
1213,20,Left 4 Dead 2,14417857,68.0
1214,20,Left 4 Dead 2,80386506,1.7
1215,20,Left 4 Dead 2,182422786,4.0
1216,20,Left 4 Dead 2,98649241,4.1
1217,20,Left 4 Dead 2,31733654,25.0
1218,20,Left 4 Dead 2,24469287,0.6
1219,20,Left 4 Dead 2,39622853,31.0
1220,20,Left 4 Dead 2,106806146,8.1
1221,20,Left 4 Dead 2,11403772,1.9
1222,20,Left 4 Dead 2,66078954,0.8
1223,20,Left 4 Dead 2,82046939,51.0
1224,20,Left 4 Dead 2,145927933,30.0
1225,20,Left 4 Dead 2,65872385,224.0
1226,20,Left 4 Dead 2,240405101,6.4
1227,20,Left 4 Dead 2,146427029,33.0
1228,20,Left 4 Dead 2,99077905,12.0
1229,20,Left 4 Dead 2,191477470,79.0
1230,20,Left 4 Dead 2,88344296,25.0
1231,20,Left 4 Dead 2,131785763,32.0
1232,20,Left 4 Dead 2,95695156,2.7
1233,20,Left 4 Dead 2,86912006,0.9
1234,20,Left 4 Dead 2,59101095,0.2
1235,20,Left 4 Dead 2,152585209,4.0
1236,20,Left 4 Dead 2,145825155,7.0
1237,20,Left 4 Dead 2,66052983,94.0
1238,20,Left 4 Dead 2,164511211,0.4
1239,20,Left 4 Dead 2,11207650,3.6
1240,20,Left 4 Dead 2,87341384,54.0
1241,20,Left 4 Dead 2,81556495,11.0
1242,20,Left 4 Dead 2,121900241,33.0
1243,20,Left 4 Dead 2,2259650,505.0
1244,20,Left 4 Dead 2,60296891,88.0
1245,20,Left 4 Dead 2,200913780,4.1
1246,20,Left 4 Dead 2,109669093,28.0
1247,20,Left 4 Dead 2,97303314,0.7
1248,20,Left 4 Dead 2,9180659,10.1
1249,20,Left 4 Dead 2,33214968,1243.0
1250,20,Left 4 Dead 2,159677499,31.0
1251,20,Left 4 Dead 2,71390526,106.0
1252,20,Left 4 Dead 2,111130695,40.0
1253,20,Left 4 Dead 2,227490126,4.4
1254,20,Left 4 Dead 2,67083031,0.6
1255,20,Left 4 Dead 2,150282867,4.0
1256,20,Left 4 Dead 2,1612666,5.8
1257,20,Left 4 Dead 2,37435998,9.5
1258,20,Left 4 Dead 2,83168693,2.3
1259,20,Left 4 Dead 2,110906645,19.6
1260,20,Left 4 Dead 2,206014489,2.0
1261,20,Left 4 Dead 2,30440303,12.6
1262,20,Left 4 Dead 2,298950,16.3
1263,20,Left 4 Dead 2,55319994,124.0
1264,20,Left 4 Dead 2,62878249,106.0
1265,20,Left 4 Dead 2,113039667,1.1
1266,20,Left 4 Dead 2,153097805,54.0
1267,20,Left 4 Dead 2,38323067,0.4
1268,20,Left 4 Dead 2,115404202,35.0
1269,20,Left 4 Dead 2,122026623,1.2
1270,20,Left 4 Dead 2,171383863,31.0
1271,20,Left 4 Dead 2,64060101,29.0
1272,20,Left 4 Dead 2,36546868,35.0
1273,20,Left 4 Dead 2,170382539,30.0
1274,20,Left 4 Dead 2,102927775,37.0
1275,20,Left 4 Dead 2,72989129,8.7
1276,20,Left 4 Dead 2,152959594,9.9
1277,20,Left 4 Dead 2,22371742,1.7
1278,20,Left 4 Dead 2,73518199,1.0
1279,20,Left 4 Dead 2,69856757,38.0
1280,20,Left 4 Dead 2,195105284,266.0
1281,20,Left 4 Dead 2,121577821,19.4
1282,20,Left 4 Dead 2,28711405,33.0
1283,20,Left 4 Dead 2,46637811,5.7
1284,20,Left 4 Dead 2,171067153,5.3
1285,20,Left 4 Dead 2,116283279,30.0
1286,20,Left 4 Dead 2,149331941,65.0
1287,20,Left 4 Dead 2,170460109,0.4
1288,20,Left 4 Dead 2,116494569,8.5
1289,20,Left 4 Dead 2,90956570,0.2
1290,20,Left 4 Dead 2,152983035,0.6
1291,20,Left 4 Dead 2,3527485,10.5
1292,20,Left 4 Dead 2,37490443,13.9
1293,20,Left 4 Dead 2,61099969,10.4
1294,20,Left 4 Dead 2,160042745,21.0
1295,20,Left 4 Dead 2,66615366,0.4
1296,20,Left 4 Dead 2,118541865,24.0
1297,20,Left 4 Dead 2,297650024,5.7
1298,20,Left 4 Dead 2,6717871,1.9
1299,20,Left 4 Dead 2,26465134,46.0
1300,20,Left 4 Dead 2,11978743,0.6
1301,20,Left 4 Dead 2,179936723,2.5
1302,20,Left 4 Dead 2,148467772,13.8
1303,20,Left 4 Dead 2,67694595,7.0
1304,20,Left 4 Dead 2,106834867,27.0
1305,20,Left 4 Dead 2,297510921,0.9
1306,20,Left 4 Dead 2,38049880,13.8
1307,20,Left 4 Dead 2,33282871,4.3
1308,20,Left 4 Dead 2,49893565,140.0
1309,20,Left 4 Dead 2,89523414,8.4
1310,20,Left 4 Dead 2,49724738,4.8
1311,20,Left 4 Dead 2,213231597,9.8
1312,20,Left 4 Dead 2,46301758,63.0
1313,20,Left 4 Dead 2,153495323,6.1
1314,20,Left 4 Dead 2,103260848,111.0
1315,20,Left 4 Dead 2,34582304,21.0
1316,20,Left 4 Dead 2,29239329,10.4
1317,20,Left 4 Dead 2,135091121,10.9
1318,20,Left 4 Dead 2,133459021,2.1
1319,20,Left 4 Dead 2,124070622,0.9
1320,20,Left 4 Dead 2,235692659,8.2
1321,20,Left 4 Dead 2,159524722,2.1
1322,20,Left 4 Dead 2,239413586,5.3
1323,20,Left 4 Dead 2,18036199,29.0
1324,20,Left 4 Dead 2,33013552,13.4
1325,20,Left 4 Dead 2,48984158,1.3
1326,20,Left 4 Dead 2,152497084,8.9
1327,20,Left 4 Dead 2,174033209,12.0
1328,20,Left 4 Dead 2,122798021,2.5
1329,20,Left 4 Dead 2,61289147,8.5
1330,20,Left 4 Dead 2,106901665,2.8
1331,20,Left 4 Dead 2,33706322,2.0
1332,20,Left 4 Dead 2,7163917,33.0
1333,20,Left 4 Dead 2,167785065,77.0
1334,20,Left 4 Dead 2,148674157,23.0
1335,20,Left 4 Dead 2,52435421,3.3
1336,20,Left 4 Dead 2,159936874,56.0
1337,20,Left 4 Dead 2,145243748,10.3
1338,20,Left 4 Dead 2,59157389,0.2
1339,20,Left 4 Dead 2,136891549,12.4
1340,20,Left 4 Dead 2,21061921,16.6
1341,20,Left 4 Dead 2,160029841,3.5
1342,20,Left 4 Dead 2,86055705,12.7
1343,20,Left 4 Dead 2,58057627,16.8
1344,20,Left 4 Dead 2,119310413,2.7
1345,20,Left 4 Dead 2,54507379,1.4
1346,20,Left 4 Dead 2,3449240,43.0
1347,20,Left 4 Dead 2,39037163,37.0
1348,20,Left 4 Dead 2,55426012,87.0
1349,20,Left 4 Dead 2,109207860,5.7
1350,20,Left 4 Dead 2,25337857,124.0
1351,20,Left 4 Dead 2,180406842,16.0
1352,20,Left 4 Dead 2,121531316,0.2
1353,20,Left 4 Dead 2,108007732,12.1
1354,20,Left 4 Dead 2,65398650,106.0
1355,20,Left 4 Dead 2,144580725,58.0
1356,20,Left 4 Dead 2,80128229,7.1
1357,20,Left 4 Dead 2,105586920,6.4
1358,20,Left 4 Dead 2,70408902,0.4
1359,20,Left 4 Dead 2,46055854,1.1
1360,20,Left 4 Dead 2,151938509,4.5
1361,20,Left 4 Dead 2,77507107,22.0
1362,20,Left 4 Dead 2,63753977,6.1
1363,20,Left 4 Dead 2,159474046,3.7
1364,20,Left 4 Dead 2,55906572,24.0
1365,20,Left 4 Dead 2,71411882,41.0
1366,20,Left 4 Dead 2,11813637,2.7
1367,20,Left 4 Dead 2,110875215,12.8
1368,20,Left 4 Dead 2,64973908,18.3
1369,20,Left 4 Dead 2,209658229,240.0
1370,20,Left 4 Dead 2,80189887,63.0
1371,20,Left 4 Dead 2,142799594,39.0
1372,20,Left 4 Dead 2,54637394,71.0
1373,20,Left 4 Dead 2,118695833,20.0
1374,20,Left 4 Dead 2,131386705,10.4
1375,20,Left 4 Dead 2,4824107,273.0
1376,20,Left 4 Dead 2,24721232,4.4
1377,20,Left 4 Dead 2,122551425,4.4
1378,20,Left 4 Dead 2,44426653,7.2
1379,20,Left 4 Dead 2,122444332,4.7
1380,20,Left 4 Dead 2,132008856,2.5
1381,20,Left 4 Dead 2,138941587,1.3
1382,20,Left 4 Dead 2,45411694,19.1
1383,20,Left 4 Dead 2,29983962,162.0
1384,20,Left 4 Dead 2,151015947,8.8
1385,20,Left 4 Dead 2,127220350,6.8
1386,20,Left 4 Dead 2,68809194,6.7
1387,20,Left 4 Dead 2,174287424,4.8
1388,20,Left 4 Dead 2,158608850,94.0
1389,20,Left 4 Dead 2,37723786,128.0
1390,20,Left 4 Dead 2,43955374,70.0
1391,20,Left 4 Dead 2,110658990,2.3
1392,20,Left 4 Dead 2,49462664,60.0
1393,20,Left 4 Dead 2,268487512,0.9
1394,20,Left 4 Dead 2,55975168,0.9
1395,20,Left 4 Dead 2,156941467,13.1
1396,20,Left 4 Dead 2,161384593,19.1
1397,20,Left 4 Dead 2,125589748,0.9
1398,20,Left 4 Dead 2,64368515,11.6
1399,20,Left 4 Dead 2,124641717,24.0
1400,20,Left 4 Dead 2,186483761,10.6
1401,20,Left 4 Dead 2,975449,212.0
1402,20,Left 4 Dead 2,33865373,10.6
1403,20,Left 4 Dead 2,65155942,0.3
1404,20,Left 4 Dead 2,33580866,168.0
1405,20,Left 4 Dead 2,93189271,4.3
1406,20,Left 4 Dead 2,58953935,102.0
1407,20,Left 4 Dead 2,96588736,13.0
1408,20,Left 4 Dead 2,124437057,2.2
1409,20,Left 4 Dead 2,86469479,55.0
1410,20,Left 4 Dead 2,65244880,0.3
1411,20,Left 4 Dead 2,91293844,0.5
1412,20,Left 4 Dead 2,159850817,1.6
1413,20,Left 4 Dead 2,17995238,253.0
1414,20,Left 4 Dead 2,133268706,0.8
1415,20,Left 4 Dead 2,53091150,70.0
1416,20,Left 4 Dead 2,76296787,57.0
1417,20,Left 4 Dead 2,66650717,62.0
1418,20,Left 4 Dead 2,104870123,14.2
1419,20,Left 4 Dead 2,157530604,2.2
1420,20,Left 4 Dead 2,127992087,3.7
1421,20,Left 4 Dead 2,123338258,5.1
1422,20,Left 4 Dead 2,62811725,19.4
1423,20,Left 4 Dead 2,201757829,6.8
1424,20,Left 4 Dead 2,154014392,1.4
1425,20,Left 4 Dead 2,58435428,3.1
1426,20,Left 4 Dead 2,125017535,1.3
1427,20,Left 4 Dead 2,107124480,0.2
1428,20,Left 4 Dead 2,119619506,46.0
1429,20,Left 4 Dead 2,7015471,0.5
1430,20,Left 4 Dead 2,91859894,22.0
1431,20,Left 4 Dead 2,8585433,13.7
1432,20,Left 4 Dead 2,59099129,18.0
1433,20,Left 4 Dead 2,42771635,0.7
1434,20,Left 4 Dead 2,48449055,11.5
1435,20,Left 4 Dead 2,253961136,3.5
1436,20,Left 4 Dead 2,17017968,59.0
1437,20,Left 4 Dead 2,50600002,81.0
1438,20,Left 4 Dead 2,20366600,6.6
1439,20,Left 4 Dead 2,34919318,186.0
1440,20,Left 4 Dead 2,47384202,5.5
1441,20,Left 4 Dead 2,170485590,55.0
1442,20,Left 4 Dead 2,76787637,8.9
1443,20,Left 4 Dead 2,133997970,23.0
1444,20,Left 4 Dead 2,99264709,45.0
1445,20,Left 4 Dead 2,96607408,1.3
1446,20,Left 4 Dead 2,88035166,1.7
1447,20,Left 4 Dead 2,44472980,5.5
1448,20,Left 4 Dead 2,11161178,4.9
1449,20,Left 4 Dead 2,88173801,0.1
1450,20,Left 4 Dead 2,103371488,3.1
1451,20,Left 4 Dead 2,127311699,1.7
1452,20,Left 4 Dead 2,22301321,11.6
1453,20,Left 4 Dead 2,250284905,15.5
1454,20,Left 4 Dead 2,59756932,2.5
1455,20,Left 4 Dead 2,107743243,1.8
1456,20,Left 4 Dead 2,106796307,0.8
1457,20,Left 4 Dead 2,145275657,1.8
1458,20,Left 4 Dead 2,6928806,4.6
1459,20,Left 4 Dead 2,113752996,12.9
1460,20,Left 4 Dead 2,133938767,43.0
1461,20,Left 4 Dead 2,156675178,3.7
1462,20,Left 4 Dead 2,94120095,1.4
1463,20,Left 4 Dead 2,11794760,6.3
1464,20,Left 4 Dead 2,159842342,5.8
1465,20,Left 4 Dead 2,209087920,16.3
1466,20,Left 4 Dead 2,93275329,8.3
1467,20,Left 4 Dead 2,107913460,15.2
1468,20,Left 4 Dead 2,128925610,2.6
1469,20,Left 4 Dead 2,159595237,13.3
1470,20,Left 4 Dead 2,57603447,73.0
1471,20,Left 4 Dead 2,172111265,2.2
1472,20,Left 4 Dead 2,33622085,91.0
1473,20,Left 4 Dead 2,8311704,0.2
1474,20,Left 4 Dead 2,197302530,5.6
1475,20,Left 4 Dead 2,59536273,6.6
1476,20,Left 4 Dead 2,45957399,17.3
1477,20,Left 4 Dead 2,243540632,12.0
1478,20,Left 4 Dead 2,156615447,2.8
1479,20,Left 4 Dead 2,51557405,2.4
1480,20,Left 4 Dead 2,118554131,17.6
1481,20,Left 4 Dead 2,39834113,338.0
1482,20,Left 4 Dead 2,263993336,11.3
1483,20,Left 4 Dead 2,134516625,2.2
1484,20,Left 4 Dead 2,96902425,0.6
1485,20,Left 4 Dead 2,130351904,4.3
1486,20,Left 4 Dead 2,47364777,0.7
1487,20,Left 4 Dead 2,88525821,7.5
1488,20,Left 4 Dead 2,127272741,3.8
1489,20,Left 4 Dead 2,35701646,372.0
1490,20,Left 4 Dead 2,121497634,164.0
1491,20,Left 4 Dead 2,59005471,145.0
1492,20,Left 4 Dead 2,159535257,26.0
1493,20,Left 4 Dead 2,116912767,26.0
1494,20,Left 4 Dead 2,11731710,268.0
1495,20,Left 4 Dead 2,184554757,8.3
1496,20,Left 4 Dead 2,53258793,2.0
1497,20,Left 4 Dead 2,32710856,12.1
1498,20,Left 4 Dead 2,9946133,2.5
1499,20,Left 4 Dead 2,228919399,2.3
1500,20,Left 4 Dead 2,69828237,908.0
1501,20,Left 4 Dead 2,156071982,49.0
1502,20,Left 4 Dead 2,159428605,84.0
1503,20,Left 4 Dead 2,190191843,11.4
1504,20,Left 4 Dead 2,110107925,60.0
1505,20,Left 4 Dead 2,13556140,95.0
1506,20,Left 4 Dead 2,113186568,79.0
1507,20,Left 4 Dead 2,93882483,71.0
1508,20,Left 4 Dead 2,96400571,0.4
1509,20,Left 4 Dead 2,79073449,32.0
1510,20,Left 4 Dead 2,56901667,15.8
1511,20,Left 4 Dead 2,45617627,10.8
1512,20,Left 4 Dead 2,55761025,61.0
1513,20,Left 4 Dead 2,30913209,35.0
1514,20,Left 4 Dead 2,71510748,5.3
1515,20,Left 4 Dead 2,28472068,0.3
1516,20,Left 4 Dead 2,70075801,18.9
1517,20,Left 4 Dead 2,7907686,42.0
1518,20,Left 4 Dead 2,27279261,19.4
1519,20,Left 4 Dead 2,81160212,11.9
1520,20,Left 4 Dead 2,35177894,49.0
1521,20,Left 4 Dead 2,209985078,0.5
1522,20,Left 4 Dead 2,2643609,2.3
1523,20,Left 4 Dead 2,90272527,58.0
1524,20,Left 4 Dead 2,57368001,2.5
1525,20,Left 4 Dead 2,73564778,31.0
1526,20,Left 4 Dead 2,131610144,79.0
1527,20,Left 4 Dead 2,116024605,529.0
1528,20,Left 4 Dead 2,109175936,19.7
1529,20,Left 4 Dead 2,110104967,3.3
1530,20,Left 4 Dead 2,64079170,47.0
1531,20,Left 4 Dead 2,159734412,3.3
1532,20,Left 4 Dead 2,73513367,285.0
1533,20,Left 4 Dead 2,96914675,29.0
1534,20,Left 4 Dead 2,97667936,8.8
1535,20,Left 4 Dead 2,17530772,66.0
1536,20,Left 4 Dead 2,156565178,3.9
1537,20,Left 4 Dead 2,213720494,5.8
1538,20,Left 4 Dead 2,52731290,97.0
1539,20,Left 4 Dead 2,65152385,17.3
1540,20,Left 4 Dead 2,11940338,0.3
1541,20,Left 4 Dead 2,29302014,10.2
1542,20,Left 4 Dead 2,100630947,0.1
1543,20,Left 4 Dead 2,201978799,3.0
1544,20,Left 4 Dead 2,77194239,17.6
1545,20,Left 4 Dead 2,93341815,13.8
1546,20,Left 4 Dead 2,159683231,1.4
1547,20,Left 4 Dead 2,128207897,6.6
1548,20,Left 4 Dead 2,159158411,52.0
1549,20,Left 4 Dead 2,141402600,14.3
1550,20,Left 4 Dead 2,97614578,20.0
1551,20,Left 4 Dead 2,88661387,88.0
1552,20,Left 4 Dead 2,168881981,5.4
1553,20,Left 4 Dead 2,68719896,49.0
1554,20,Left 4 Dead 2,143062096,0.4
1555,20,Left 4 Dead 2,17567828,9.8
1556,20,Left 4 Dead 2,88775181,12.1
1557,20,Left 4 Dead 2,82352462,137.0
1558,20,Left 4 Dead 2,108771556,69.0
1559,20,Left 4 Dead 2,9563573,10.3
1560,20,Left 4 Dead 2,67244867,1.4
1561,20,Left 4 Dead 2,144412676,22.0
1562,20,Left 4 Dead 2,94936385,15.2
1563,20,Left 4 Dead 2,54761333,2.5
1564,20,Left 4 Dead 2,209238287,97.0
1565,20,Left 4 Dead 2,12195913,2710.0
1566,20,Left 4 Dead 2,45807245,4.7
1567,20,Left 4 Dead 2,203800963,0.9
1568,20,Left 4 Dead 2,118852041,33.0
1569,20,Left 4 Dead 2,75738431,35.0
1570,20,Left 4 Dead 2,159852613,63.0
1571,20,Left 4 Dead 2,30572170,6.6
1572,20,Left 4 Dead 2,44169472,7.8
1573,20,Left 4 Dead 2,90154893,6.8
1574,20,Left 4 Dead 2,48798067,47.0
1575,20,Left 4 Dead 2,273082868,2.6
1576,20,Left 4 Dead 2,82203951,15.7
1577,20,Left 4 Dead 2,62990992,20.0
1578,20,Left 4 Dead 2,40280688,145.0
1579,20,Left 4 Dead 2,116437770,0.9
1580,20,Left 4 Dead 2,159077305,11.6
1581,20,Left 4 Dead 2,222050169,18.9
1582,20,Left 4 Dead 2,152078939,10.8
1583,20,Left 4 Dead 2,74126541,2.2
1584,20,Left 4 Dead 2,115487966,10.5
1585,20,Left 4 Dead 2,113546110,85.0
1586,20,Left 4 Dead 2,10450544,61.0
1587,20,Left 4 Dead 2,36557643,51.0
1588,20,Left 4 Dead 2,46028967,8.7
1589,20,Left 4 Dead 2,64023574,53.0
1590,20,Left 4 Dead 2,90711776,33.0
1591,20,Left 4 Dead 2,167118460,1.2
1592,20,Left 4 Dead 2,159377740,46.0
1593,20,Left 4 Dead 2,200059104,21.0
1594,20,Left 4 Dead 2,52203520,0.9
1595,20,Left 4 Dead 2,19696244,0.9
1596,20,Left 4 Dead 2,115996656,16.2
1597,20,Left 4 Dead 2,63895034,4.9
1598,20,Left 4 Dead 2,159865370,18.1
1599,20,Left 4 Dead 2,132748085,21.0
1600,20,Left 4 Dead 2,113580708,0.8
1601,20,Left 4 Dead 2,49228258,41.0
1602,20,Left 4 Dead 2,90033155,10.3
1603,20,Left 4 Dead 2,44755776,73.0
1604,20,Left 4 Dead 2,160055758,8.4
1605,20,Left 4 Dead 2,121199670,2.2
1606,20,Left 4 Dead 2,159371621,19.5
1607,20,Left 4 Dead 2,29753085,166.0
1608,20,Left 4 Dead 2,119937035,24.0
1609,20,Left 4 Dead 2,124725852,4.4
1610,20,Left 4 Dead 2,26808868,0.2
1611,20,Left 4 Dead 2,18500119,1.6
1612,20,Left 4 Dead 2,10599862,17.9
1613,20,Left 4 Dead 2,250238131,1.0
1614,20,Left 4 Dead 2,64027842,47.0
1615,20,Left 4 Dead 2,88579585,0.4
1616,20,Left 4 Dead 2,159812802,14.5
1617,20,Left 4 Dead 2,40051659,19.2
1618,20,Left 4 Dead 2,230031062,2.4
1619,20,Left 4 Dead 2,55672384,4.9
1620,20,Left 4 Dead 2,76451157,2.8
1621,20,Left 4 Dead 2,56014527,92.0
1622,20,Left 4 Dead 2,145512685,15.6
1623,20,Left 4 Dead 2,180438232,162.0
1624,20,Left 4 Dead 2,71318298,23.0
1625,20,Left 4 Dead 2,108160472,4.9
1626,20,Left 4 Dead 2,159994178,14.2
1627,20,Left 4 Dead 2,216261706,671.0
1628,20,Left 4 Dead 2,85497862,41.0
1629,20,Left 4 Dead 2,252074145,1.2
1630,20,Left 4 Dead 2,165755355,0.2
1631,20,Left 4 Dead 2,95699780,0.6
1632,20,Left 4 Dead 2,43284145,14.4
1633,20,Left 4 Dead 2,46951849,233.0
1634,20,Left 4 Dead 2,72978546,111.0
1635,20,Left 4 Dead 2,54402999,13.8
1636,20,Left 4 Dead 2,123734483,1.7
1637,20,Left 4 Dead 2,159814545,2.2
1638,20,Left 4 Dead 2,134224287,18.6
1639,20,Left 4 Dead 2,83625754,8.4
1640,20,Left 4 Dead 2,554278,4.2
1641,20,Left 4 Dead 2,110194091,36.0
1642,20,Left 4 Dead 2,95084569,16.9
1643,20,Left 4 Dead 2,183838531,20.0
1644,20,Left 4 Dead 2,35047392,1.2
1645,20,Left 4 Dead 2,83770731,19.1
1646,20,Left 4 Dead 2,82287546,11.0
1647,20,Left 4 Dead 2,114727578,16.1
1648,20,Left 4 Dead 2,101596530,324.0
1649,20,Left 4 Dead 2,108114779,24.0
1650,20,Left 4 Dead 2,33659046,34.0
1651,20,Left 4 Dead 2,156818121,87.0
1652,20,Left 4 Dead 2,59662830,3.7
1653,20,Left 4 Dead 2,86433707,9.3
1654,20,Left 4 Dead 2,151256632,34.0
1655,20,Left 4 Dead 2,31187179,56.0
1656,20,Left 4 Dead 2,111163130,35.0
1657,20,Left 4 Dead 2,2753525,6.4
1658,20,Left 4 Dead 2,61189155,43.0
1659,20,Left 4 Dead 2,17414305,10.5
1660,20,Left 4 Dead 2,150995572,22.0
1661,20,Left 4 Dead 2,27545486,113.0
1662,20,Left 4 Dead 2,40212239,0.6
1663,20,Left 4 Dead 2,37829487,8.9
1664,20,Left 4 Dead 2,234488787,6.5
1665,20,Left 4 Dead 2,67965357,13.6
1666,20,Left 4 Dead 2,143198617,14.7
1667,20,Left 4 Dead 2,103731895,8.4
1668,20,Left 4 Dead 2,273597380,9.5
1669,20,Left 4 Dead 2,73721802,2.6
1670,20,Left 4 Dead 2,8776918,5.3
1671,20,Left 4 Dead 2,561758,26.0
1672,20,Left 4 Dead 2,48626533,5.0
1673,20,Left 4 Dead 2,143235127,2.2
1674,20,Left 4 Dead 2,159484357,19.3
1675,20,Left 4 Dead 2,117695149,2.4
1676,20,Left 4 Dead 2,12760368,1.4
1677,20,Left 4 Dead 2,13190476,0.7
1678,20,Left 4 Dead 2,89488150,22.0
1679,20,Left 4 Dead 2,60611062,15.3
1680,20,Left 4 Dead 2,80494893,3.2
1681,20,Left 4 Dead 2,50797633,479.0
1682,20,Left 4 Dead 2,65533730,34.0
1683,20,Left 4 Dead 2,116876958,3.8
1684,20,Left 4 Dead 2,243522372,5.6
1685,20,Left 4 Dead 2,187463594,85.0
1686,20,Left 4 Dead 2,126388107,2.7
1687,20,Left 4 Dead 2,262195804,38.0
1688,20,Left 4 Dead 2,131463112,1.0
1689,20,Left 4 Dead 2,54291917,1.8
1690,20,Left 4 Dead 2,11970504,7.0
1691,20,Left 4 Dead 2,111551727,6.9
1692,20,Left 4 Dead 2,84045371,0.1
1693,20,Left 4 Dead 2,102295765,117.0
1694,20,Left 4 Dead 2,93259090,7.3
1695,20,Left 4 Dead 2,33518079,43.0
1696,20,Left 4 Dead 2,65145468,2.8
1697,20,Left 4 Dead 2,113446397,0.2
1698,20,Left 4 Dead 2,182499490,0.5
1699,20,Left 4 Dead 2,86481908,3.1
1700,20,Left 4 Dead 2,16645459,0.9
1701,20,Left 4 Dead 2,110369840,6.0
1702,20,Left 4 Dead 2,132300630,2.3
1703,20,Left 4 Dead 2,86041729,10.5
1704,20,Left 4 Dead 2,159724167,2.5
1705,20,Left 4 Dead 2,58297398,7.0
1706,20,Left 4 Dead 2,184694766,2.9
1707,20,Left 4 Dead 2,100719181,7.0
1708,20,Left 4 Dead 2,10253354,33.0
1709,20,Left 4 Dead 2,121865430,4.1
1710,20,Left 4 Dead 2,30519870,635.0
1711,20,Left 4 Dead 2,170201716,88.0
1712,20,Left 4 Dead 2,19668647,1.9
1713,20,Left 4 Dead 2,124776658,3.5
1714,20,Left 4 Dead 2,92595907,4.6
1715,20,Left 4 Dead 2,39899978,0.4
1716,20,Left 4 Dead 2,43936108,6.1
1717,20,Left 4 Dead 2,110843185,3.7
1718,20,Left 4 Dead 2,110546460,32.0
1719,20,Left 4 Dead 2,69942754,98.0
1720,20,Left 4 Dead 2,83090686,30.0
1721,20,Left 4 Dead 2,167901416,37.0
1722,20,Left 4 Dead 2,11149819,31.0
1723,20,Left 4 Dead 2,27169419,220.0
1724,20,Left 4 Dead 2,96556535,13.5
1725,20,Left 4 Dead 2,159835968,10.5
1726,20,Left 4 Dead 2,48175931,7.1
1727,20,Left 4 Dead 2,134322141,56.0
1728,20,Left 4 Dead 2,143877335,1.1
1729,20,Left 4 Dead 2,109205612,1.4
1730,20,Left 4 Dead 2,205285563,11.7
1731,20,Left 4 Dead 2,134213189,11.8
1732,20,Left 4 Dead 2,44545959,10.1
1733,20,Left 4 Dead 2,141513178,5.0
1734,20,Left 4 Dead 2,75240572,2.1
1735,20,Left 4 Dead 2,181597796,1.8
1736,20,Left 4 Dead 2,108878910,17.1
1737,20,Left 4 Dead 2,159411437,27.0
1738,20,Left 4 Dead 2,159888236,1.0
1739,20,Left 4 Dead 2,73481131,35.0
1740,20,Left 4 Dead 2,7955670,160.0
1741,20,Left 4 Dead 2,283264914,10.3
1742,20,Left 4 Dead 2,133268317,36.0
1743,20,Left 4 Dead 2,159841516,18.4
1744,20,Left 4 Dead 2,39361297,1.8
1745,20,Left 4 Dead 2,50811344,1.4
1746,20,Left 4 Dead 2,248254297,42.0
1747,20,Left 4 Dead 2,103411746,3.0
1748,20,Left 4 Dead 2,83975567,36.0
1749,20,Left 4 Dead 2,14465359,10.0
1750,20,Left 4 Dead 2,87694960,1.7
1751,20,Left 4 Dead 2,67579257,40.0
1752,20,Left 4 Dead 2,94428876,0.3
1753,20,Left 4 Dead 2,113321644,29.0
1754,20,Left 4 Dead 2,70489471,35.0
1755,20,Left 4 Dead 2,165216496,13.1
1756,20,Left 4 Dead 2,56436989,0.3
1757,20,Left 4 Dead 2,181002117,38.0
1758,20,Left 4 Dead 2,126345126,6.0
1759,20,Left 4 Dead 2,45030250,21.0
1760,20,Left 4 Dead 2,78309377,5.6
1761,20,Left 4 Dead 2,161816812,4.6
1762,20,Left 4 Dead 2,158974308,5.4
1763,20,Left 4 Dead 2,81170946,0.6
1764,20,Left 4 Dead 2,44314169,105.0
1765,20,Left 4 Dead 2,253813925,14.9
1766,20,Left 4 Dead 2,111422562,1.5
1767,20,Left 4 Dead 2,153148942,18.9
1768,20,Left 4 Dead 2,99802512,23.0
1769,20,Left 4 Dead 2,50818751,181.0
1770,20,Left 4 Dead 2,82156706,17.2
1771,20,Left 4 Dead 2,11807754,576.0
1772,20,Left 4 Dead 2,239661767,2.9
1773,20,Left 4 Dead 2,138725344,35.0
1774,20,Left 4 Dead 2,120113754,5.1
1775,20,Left 4 Dead 2,54999247,96.0
1776,20,Left 4 Dead 2,51822361,39.0
1777,20,Left 4 Dead 2,60608576,45.0
1778,20,Left 4 Dead 2,26762388,6.7
1779,20,Left 4 Dead 2,114030647,0.7
1780,20,Left 4 Dead 2,164761364,33.0
1781,20,Left 4 Dead 2,114324869,1.9
1782,20,Left 4 Dead 2,81591317,13.2
1783,20,Left 4 Dead 2,148362155,52.0
1784,20,Left 4 Dead 2,81678279,11.7
1785,20,Left 4 Dead 2,58434367,1.5
1786,20,Left 4 Dead 2,126191291,29.0
1787,20,Left 4 Dead 2,96149161,14.1
1788,20,Left 4 Dead 2,78053539,4.8
1789,20,Left 4 Dead 2,103638409,143.0
1790,20,Left 4 Dead 2,107554143,11.8
1791,20,Left 4 Dead 2,93108463,7.6
1792,20,Left 4 Dead 2,69954842,7.7
1793,20,Left 4 Dead 2,87040683,8.7
1794,20,Left 4 Dead 2,38317154,53.0
1795,20,Left 4 Dead 2,223646498,76.0
1796,20,Left 4 Dead 2,107984181,14.6
1797,20,Left 4 Dead 2,151998898,28.0
1798,20,Left 4 Dead 2,51382080,13.2
1799,20,Left 4 Dead 2,31849177,7.5
1800,20,Left 4 Dead 2,159800136,0.6
1801,20,Left 4 Dead 2,55352649,3.7
1802,20,Left 4 Dead 2,64319625,76.0
1803,20,Left 4 Dead 2,69953893,33.0
1804,20,Left 4 Dead 2,149840320,5.2
1805,20,Left 4 Dead 2,77980915,2.2
1806,20,Left 4 Dead 2,200673341,12.5
1807,20,Left 4 Dead 2,105503045,0.6
1808,20,Left 4 Dead 2,134641355,6.0
1809,20,Left 4 Dead 2,77214425,13.9
1810,20,Left 4 Dead 2,58289184,28.0
1811,20,Left 4 Dead 2,44370809,27.0
1812,20,Left 4 Dead 2,129162036,108.0
1813,20,Left 4 Dead 2,82263745,17.3
1814,20,Left 4 Dead 2,159398853,15.0
1815,20,Left 4 Dead 2,50275189,5.7
1816,20,Left 4 Dead 2,75465639,0.3
1817,20,Left 4 Dead 2,75598925,2055.0
1818,20,Left 4 Dead 2,166136937,37.0
1819,20,Left 4 Dead 2,57770056,2.1
1820,20,Left 4 Dead 2,24632218,115.0
1821,20,Left 4 Dead 2,74772820,22.0
1822,20,Left 4 Dead 2,241210827,3.7
1823,20,Left 4 Dead 2,46030552,1.3
1824,20,Left 4 Dead 2,132196353,21.0
1825,20,Left 4 Dead 2,45292137,6.2
1826,20,Left 4 Dead 2,58345543,30.0
1827,20,Left 4 Dead 2,159688146,0.2
1828,20,Left 4 Dead 2,134223421,1.6
1829,20,Left 4 Dead 2,155673786,13.8
1830,20,Left 4 Dead 2,124443679,2.3
1831,20,Left 4 Dead 2,147140659,0.5
1832,20,Left 4 Dead 2,75182781,223.0
1833,20,Left 4 Dead 2,125912054,3.5
1834,20,Left 4 Dead 2,48386574,2.0
1835,20,Left 4 Dead 2,132840940,1.2
1836,20,Left 4 Dead 2,42298912,12.8
1837,20,Left 4 Dead 2,168324795,11.1
1838,20,Left 4 Dead 2,31669242,162.0
1839,20,Left 4 Dead 2,80471276,13.7
1840,20,Left 4 Dead 2,154296520,11.2
1841,20,Left 4 Dead 2,144188136,3.0
1842,20,Left 4 Dead 2,115324976,419.0
1843,20,Left 4 Dead 2,35864169,9.1
1844,20,Left 4 Dead 2,36978196,4.0
1845,20,Left 4 Dead 2,156426681,90.0
1846,20,Left 4 Dead 2,131962554,2.9
1847,20,Left 4 Dead 2,126595775,6.3
1848,20,Left 4 Dead 2,156946266,10.5
1849,20,Left 4 Dead 2,49050405,46.0
1850,20,Left 4 Dead 2,102454403,10.1
1851,20,Left 4 Dead 2,154230933,28.0
1852,20,Left 4 Dead 2,66023189,0.5
1853,20,Left 4 Dead 2,29706117,3.7
1854,20,Left 4 Dead 2,6144819,212.0
1855,20,Left 4 Dead 2,82071844,18.1
1856,20,Left 4 Dead 2,47457723,196.0
1857,20,Left 4 Dead 2,93300963,32.0
1858,20,Left 4 Dead 2,59332369,2.7
1859,20,Left 4 Dead 2,138044624,9.6
1860,20,Left 4 Dead 2,14702137,30.0
1861,20,Left 4 Dead 2,39941720,42.0
1862,20,Left 4 Dead 2,129478138,0.8
1863,20,Left 4 Dead 2,108264287,1.5
1864,20,Left 4 Dead 2,40652120,8.0
1865,20,Left 4 Dead 2,182726567,1.4
1866,20,Left 4 Dead 2,58330533,26.0
1867,20,Left 4 Dead 2,166669789,12.8
1868,20,Left 4 Dead 2,86540,16.4
1869,20,Left 4 Dead 2,85426082,0.4
1870,20,Left 4 Dead 2,162081645,7.0
1871,20,Left 4 Dead 2,159922493,7.2
1872,20,Left 4 Dead 2,156039980,8.3
1873,20,Left 4 Dead 2,71335402,18.9
1874,20,Left 4 Dead 2,94521606,9.1
1875,20,Left 4 Dead 2,21406272,10.2
1876,20,Left 4 Dead 2,123696203,5.5
1877,20,Left 4 Dead 2,181385269,19.8
1878,20,Left 4 Dead 2,112763045,130.0
1879,20,Left 4 Dead 2,140050187,7.3
1880,20,Left 4 Dead 2,164475918,17.4
1881,20,Left 4 Dead 2,125682446,7.8
1882,20,Left 4 Dead 2,210109243,21.0
1883,20,Left 4 Dead 2,36404933,11.6
1884,20,Left 4 Dead 2,79319075,1.4
1885,20,Left 4 Dead 2,33452361,0.9
1886,20,Left 4 Dead 2,53097340,20.0
1887,20,Left 4 Dead 2,20772968,2.7
1888,20,Left 4 Dead 2,80511960,43.0
1889,20,Left 4 Dead 2,68240622,23.0
1890,20,Left 4 Dead 2,181900480,2.6
1891,20,Left 4 Dead 2,193103684,1.6
1892,20,Left 4 Dead 2,92276000,0.9
1893,20,Left 4 Dead 2,48666962,52.0
1894,20,Left 4 Dead 2,100818860,7.7
1895,20,Left 4 Dead 2,83148759,1.6
1896,20,Left 4 Dead 2,112845094,146.0
1897,20,Left 4 Dead 2,156407373,8.0
1898,20,Left 4 Dead 2,174507916,7.4
1899,20,Left 4 Dead 2,60859695,17.7
1900,20,Left 4 Dead 2,159531216,13.9
1901,20,Left 4 Dead 2,42657809,3.9
1902,20,Left 4 Dead 2,87201181,37.0
1903,20,Left 4 Dead 2,116564064,7.1
1904,20,Left 4 Dead 2,58794630,5.7
1905,20,Left 4 Dead 2,34901647,40.0
1906,20,Left 4 Dead 2,90878103,240.0
1907,20,Left 4 Dead 2,72417734,348.0
1908,20,Left 4 Dead 2,73726855,10.9
1909,20,Left 4 Dead 2,135400225,2.4
1910,20,Left 4 Dead 2,125424716,25.0
1911,30,Rocket League,53875128,34.0
1912,30,Rocket League,11373749,348.0
1913,30,Rocket League,248613483,39.0
1914,30,Rocket League,148510973,0.7
1915,30,Rocket League,100519466,9.7
1916,30,Rocket League,170491009,14.4
1917,30,Rocket League,131227694,28.0
1918,30,Rocket League,42061089,15.5
1919,30,Rocket League,72842694,5.8
1920,30,Rocket League,49767455,93.0
1921,30,Rocket League,61676491,479.0
1922,30,Rocket League,1950243,6.3
1923,30,Rocket League,117531196,52.0
1924,30,Rocket League,64787956,16.7
1925,30,Rocket League,102825821,430.0
1926,30,Rocket League,160427210,172.0
1927,30,Rocket League,12610800,2.7
1928,30,Rocket League,107377573,13.7
1929,30,Rocket League,7440594,158.0
1930,30,Rocket League,174204642,293.0
1931,30,Rocket League,118792304,54.0
1932,30,Rocket League,87734805,11.4
1933,30,Rocket League,13565651,34.0
1934,30,Rocket League,69946630,7.1
1935,30,Rocket League,43360645,120.0
1936,30,Rocket League,45974860,5.8
1937,30,Rocket League,212466515,17.9
1938,30,Rocket League,11403772,18.5
1939,30,Rocket League,111754806,203.0
1940,30,Rocket League,237704094,109.0
1941,30,Rocket League,53779471,3.0
1942,30,Rocket League,59115473,24.0
1943,30,Rocket League,256992469,3.7
1944,30,Rocket League,105782521,13.9
1945,30,Rocket League,195414910,31.0
1946,30,Rocket League,298950,49.0
1947,30,Rocket League,173940259,20.0
1948,30,Rocket League,186642906,1.3
1949,30,Rocket League,36546868,0.9
1950,30,Rocket League,46637811,18.4
1951,30,Rocket League,171067153,34.0
1952,30,Rocket League,199768117,8.9
1953,30,Rocket League,197949629,2.6
1954,30,Rocket League,281857216,1.9
1955,30,Rocket League,6717871,22.0
1956,30,Rocket League,2083767,10.1
1957,30,Rocket League,33282871,24.0
1958,30,Rocket League,154730370,11.1
1959,30,Rocket League,92663477,27.0
1960,30,Rocket League,167302978,9.4
1961,30,Rocket League,58057627,9.2
1962,30,Rocket League,70408902,30.0
1963,30,Rocket League,155718820,0.1
1964,30,Rocket League,209807861,14.6
1965,30,Rocket League,55906572,58.0
1966,30,Rocket League,64973908,9.0
1967,30,Rocket League,80189887,6.8
1968,30,Rocket League,166125977,0.3
1969,30,Rocket League,4824107,152.0
1970,30,Rocket League,142706526,10.4
1971,30,Rocket League,51085779,15.0
1972,30,Rocket League,115571373,18.8
1973,30,Rocket League,99255590,41.0
1974,30,Rocket League,149424772,20.0
1975,30,Rocket League,91859894,53.0
1976,30,Rocket League,133997970,444.0
1977,30,Rocket League,113752996,55.0
1978,30,Rocket League,296923200,13.8
1979,30,Rocket League,27403206,55.0
1980,30,Rocket League,197302530,42.0
1981,30,Rocket League,251440763,1.7
1982,30,Rocket League,79017735,7.9
1983,30,Rocket League,38465050,41.0
1984,30,Rocket League,51557405,13.4
1985,30,Rocket League,167167647,15.3
1986,30,Rocket League,127272741,49.0
1987,30,Rocket League,287333204,0.2
1988,30,Rocket League,190191843,59.0
1989,30,Rocket League,266874064,28.0
1990,30,Rocket League,195780309,2.4
1991,30,Rocket League,136668535,40.0
1992,30,Rocket League,141402600,18.3
1993,30,Rocket League,103445207,30.0
1994,30,Rocket League,68719896,40.0
1995,30,Rocket League,88775181,69.0
1996,30,Rocket League,63990035,81.0
1997,30,Rocket League,82352462,162.0
1998,30,Rocket League,175001491,230.0
1999,30,Rocket League,118852041,121.0
2000,30,Rocket League,3783783,2.5
2001,30,Rocket League,10450544,5.5
2002,30,Rocket League,36557643,3.4
2003,30,Rocket League,46028967,13.9
2004,30,Rocket League,234348805,58.0
2005,30,Rocket League,101212067,15.3
2006,30,Rocket League,207424334,2.6
2007,30,Rocket League,115996656,8.6
2008,30,Rocket League,113580708,0.9
2009,30,Rocket League,49228258,92.0
2010,30,Rocket League,238169854,33.0
2011,30,Rocket League,154940949,18.7
2012,30,Rocket League,14962163,51.0
2013,30,Rocket League,35047392,15.8
2014,30,Rocket League,33659046,36.0
2015,30,Rocket League,97604502,1.8
2016,30,Rocket League,2753525,17.3
2017,30,Rocket League,201173206,259.0
2018,30,Rocket League,48626533,460.0
2019,30,Rocket League,127072755,6.3
2020,30,Rocket League,210170887,83.0
2021,30,Rocket League,196609297,4.4
2022,30,Rocket League,11970504,52.0
2023,30,Rocket League,207196616,14.6
2024,30,Rocket League,132300630,49.0
2025,30,Rocket League,112199961,25.0
2026,30,Rocket League,10218563,50.0
2027,30,Rocket League,11149819,9.5
2028,30,Rocket League,215208719,92.0
2029,30,Rocket League,32126281,27.0
2030,30,Rocket League,207718097,30.0
2031,30,Rocket League,54310644,85.0
2032,30,Rocket League,50811344,23.0
2033,30,Rocket League,67579257,125.0
2034,30,Rocket League,61070572,38.0
2035,30,Rocket League,58905429,16.8
2036,30,Rocket League,60608576,7.7
2037,30,Rocket League,81591317,5.6
2038,30,Rocket League,159800136,3.2
2039,30,Rocket League,117022366,58.0
2040,30,Rocket League,69953893,39.0
2041,30,Rocket League,77980915,60.0
2042,30,Rocket League,77214425,10.5
2043,30,Rocket League,94299484,6.6
2044,30,Rocket League,82263745,64.0
2045,30,Rocket League,57770056,10.0
2046,30,Rocket League,241210827,3.8
2047,30,Rocket League,288074578,8.9
2048,30,Rocket League,45292137,34.0
2049,30,Rocket League,124443679,10.1
2050,30,Rocket League,270917796,23.0
2051,30,Rocket League,168324795,11.0
2052,30,Rocket League,126595775,39.0
2053,30,Rocket League,229610569,4.6
2054,30,Rocket League,53097340,14.3
2055,30,Rocket League,276090576,10.5
2056,30,Rocket League,254550709,21.0
2057,30,Rocket League,222180483,10.9
2058,30,Rocket League,160767652,11.0
2059,30,Rocket League,34442062,369.0
2060,31,Rust,126340495,69.0
2061,31,Rust,63276972,13.4
2062,31,Rust,148510973,1.5
2063,31,Rust,168031436,0.4
2064,31,Rust,136021775,149.0
2065,31,Rust,25096601,11.1
2066,31,Rust,92914917,96.0
2067,31,Rust,176033341,5.5
2068,31,Rust,43913966,115.0
2069,31,Rust,131973876,52.0
2070,31,Rust,52907921,0.9
2071,31,Rust,130324181,69.0
2072,31,Rust,57433226,534.0
2073,31,Rust,93413084,85.0
2074,31,Rust,216025815,82.0
2075,31,Rust,193156880,41.0
2076,31,Rust,131032344,38.0
2077,31,Rust,152861732,49.0
2078,31,Rust,37827989,75.0
2079,31,Rust,240964291,719.0
2080,31,Rust,175423011,179.0
2081,31,Rust,77830706,79.0
2082,31,Rust,136135322,100.0
2083,31,Rust,86733992,24.0
2084,31,Rust,45422636,68.0
2085,31,Rust,211544205,26.0
2086,31,Rust,45974860,34.0
2087,31,Rust,271013192,195.0
2088,31,Rust,161140815,14.5
2089,31,Rust,11403772,30.0
2090,31,Rust,111754806,128.0
2091,31,Rust,146427029,198.0
2092,31,Rust,156879739,67.0
2093,31,Rust,126269125,2.9
2094,31,Rust,164511211,10.7
2095,31,Rust,9180659,58.0
2096,31,Rust,189813843,238.0
2097,31,Rust,213610494,303.0
2098,31,Rust,181453879,8.9
2099,31,Rust,182961604,127.0
2100,31,Rust,122679931,29.0
2101,31,Rust,101725007,53.0
2102,31,Rust,30440303,49.0
2103,31,Rust,298950,39.0
2104,31,Rust,129501816,1.0
2105,31,Rust,162214363,17.3
2106,31,Rust,87059822,70.0
2107,31,Rust,36546868,1.4
2108,31,Rust,237724900,77.0
2109,31,Rust,100311267,4.9
2110,31,Rust,206071342,1.8
2111,31,Rust,116494569,29.0
2112,31,Rust,26729643,186.0
2113,31,Rust,165779930,207.0
2114,31,Rust,16081636,0.2
2115,31,Rust,33282871,37.0
2116,31,Rust,89523414,50.0
2117,31,Rust,151234988,151.0
2118,31,Rust,162453723,0.4
2119,31,Rust,7203603,262.0
2120,31,Rust,43684632,22.0
2121,31,Rust,122798021,82.0
2122,31,Rust,154730370,2.6
2123,31,Rust,163160256,138.0
2124,31,Rust,59157389,182.0
2125,31,Rust,86055705,34.0
2126,31,Rust,184584285,82.0
2127,31,Rust,39037163,14.5
2128,31,Rust,108007732,90.0
2129,31,Rust,145320311,12.0
2130,31,Rust,257256783,89.0
2131,31,Rust,155718820,137.0
2132,31,Rust,55906572,8.4
2133,31,Rust,129102620,11.5
2134,31,Rust,80189887,5.1
2135,31,Rust,142799594,2.1
2136,31,Rust,30699429,13.2
2137,31,Rust,24721232,63.0
2138,31,Rust,188250158,22.0
2139,31,Rust,174287424,1.6
2140,31,Rust,61046224,214.0
2141,31,Rust,110658990,36.0
2142,31,Rust,64368515,10.8
2143,31,Rust,170474212,421.0
2144,31,Rust,107818793,6.4
2145,31,Rust,93189271,3.2
2146,31,Rust,126522515,68.0
2147,31,Rust,66650717,133.0
2148,31,Rust,104870123,18.7
2149,31,Rust,133439936,18.7
2150,31,Rust,145754702,101.0
2151,31,Rust,125017535,3.3
2152,31,Rust,173453295,70.0
2153,31,Rust,133997970,175.0
2154,31,Rust,99264709,14.7
2155,31,Rust,190022459,4.0
2156,31,Rust,219466457,47.0
2157,31,Rust,216785107,242.0
2158,31,Rust,113752996,194.0
2159,31,Rust,33622085,3.2
2160,31,Rust,113227222,34.0
2161,31,Rust,137222368,29.0
2162,31,Rust,139695479,1.4
2163,31,Rust,47364777,8.9
2164,31,Rust,129211317,229.0
2165,31,Rust,160883669,106.0
2166,31,Rust,160299889,72.0
2167,31,Rust,99171164,87.0
2168,31,Rust,113124720,31.0
2169,31,Rust,178038549,71.0
2170,31,Rust,159428605,3.4
2171,31,Rust,93882483,79.0
2172,31,Rust,96400571,113.0
2173,31,Rust,205171017,46.0
2174,31,Rust,162580876,11.0
2175,31,Rust,91729217,323.0
2176,31,Rust,131610144,230.0
2177,31,Rust,211454678,120.0
2178,31,Rust,17530772,2.1
2179,31,Rust,156565178,11.0
2180,31,Rust,100630947,3.4
2181,31,Rust,165101762,47.0
2182,31,Rust,155042139,31.0
2183,31,Rust,168881981,394.0
2184,31,Rust,94936385,37.0
2185,31,Rust,118852041,39.0
2186,31,Rust,48798067,72.0
2187,31,Rust,190074593,87.0
2188,31,Rust,113546110,3.8
2189,31,Rust,46028967,0.8
2190,31,Rust,64023574,2.8
2191,31,Rust,90711776,43.0
2192,31,Rust,19696244,22.0
2193,31,Rust,124400480,144.0
2194,31,Rust,115996656,161.0
2195,31,Rust,192170147,41.0
2196,31,Rust,239045127,206.0
2197,31,Rust,159994178,188.0
2198,31,Rust,33659046,130.0
2199,31,Rust,2753525,18.2
2200,31,Rust,129391396,0.4
2201,31,Rust,172386260,0.3
2202,31,Rust,143235127,2.1
2203,31,Rust,127072755,118.0
2204,31,Rust,75508144,686.0
2205,31,Rust,168732483,76.0
2206,31,Rust,137610845,63.0
2207,31,Rust,144071257,5.7
2208,31,Rust,196609297,5.7
2209,31,Rust,188509200,1.5
2210,31,Rust,12144171,4.3
2211,31,Rust,127208680,2.2
2212,31,Rust,33518079,0.3
2213,31,Rust,65145468,0.9
2214,31,Rust,72613527,1.9
2215,31,Rust,169653526,8.1
2216,31,Rust,257449387,11.0
2217,31,Rust,164318687,139.0
2218,31,Rust,96556535,31.0
2219,31,Rust,205285563,17.2
2220,31,Rust,105243827,1.6
2221,31,Rust,108878910,0.4
2222,31,Rust,7955670,1.9
2223,31,Rust,162421622,102.0
2224,31,Rust,165216496,8.6
2225,31,Rust,78309377,370.0
2226,31,Rust,166228529,7.2
2227,31,Rust,161816812,27.0
2228,31,Rust,61070572,4.8
2229,31,Rust,176354321,0.9
2230,31,Rust,81170946,59.0
2231,31,Rust,82156706,120.0
2232,31,Rust,150135487,6.6
2233,31,Rust,119239620,25.0
2234,31,Rust,81591317,40.0
2235,31,Rust,148362155,203.0
2236,31,Rust,159034250,61.0
2237,31,Rust,300669819,24.0
2238,31,Rust,87040683,15.8
2239,31,Rust,38317154,4.7
2240,31,Rust,221694858,38.0
2241,31,Rust,159800136,13.1
2242,31,Rust,77980915,118.0
2243,31,Rust,249004649,1.1
2244,31,Rust,37911248,50.0
2245,31,Rust,163972488,308.0
2246,31,Rust,80650761,0.5
2247,31,Rust,93313267,5.3
2248,31,Rust,168324795,57.0
2249,31,Rust,127628725,1.1
2250,31,Rust,154230933,70.0
2251,31,Rust,48525807,38.0
2252,31,Rust,34281672,1.2
2253,31,Rust,108264287,45.0
2254,31,Rust,162288536,209.0
2255,31,Rust,300093855,180.0
2256,31,Rust,71335402,3.3
2257,31,Rust,163968268,107.0
2258,31,Rust,110824765,17.3
2259,31,Rust,164475918,16.4
2260,31,Rust,53097340,13.1
2261,31,Rust,193103684,71.0
2262,31,Rust,48666962,9.9
2263,31,Rust,158429732,9.7
2264,31,Rust,298008741,42.0
2265,31,Rust,116564064,0.6
2266,31,Rust,151600301,154.0
2267,37,Subnautica,95137775,34.0
2268,37,Subnautica,194670621,3.0
2269,37,Subnautica,237704094,1.9
2270,37,Subnautica,164511211,11.0
2271,37,Subnautica,71390526,1.8
2272,37,Subnautica,179936723,6.6
2273,37,Subnautica,51085779,28.0
2274,37,Subnautica,23225650,6.1
2275,37,Subnautica,163281091,7.5
2276,37,Subnautica,45617627,24.0
2277,37,Subnautica,195780309,1.0
2278,37,Subnautica,17530772,2.0
2279,37,Subnautica,166669789,2.0
2280,40,Terraria,11373749,84.0
2281,40,Terraria,54103616,1.7
2282,40,Terraria,57103808,59.0
2283,40,Terraria,94088853,11.2
2284,40,Terraria,148510973,0.3
2285,40,Terraria,170491009,286.0
2286,40,Terraria,215540943,67.0
2287,40,Terraria,198346312,14.3
2288,40,Terraria,42928788,28.0
2289,40,Terraria,233160273,129.0
2290,40,Terraria,149501464,48.0
2291,40,Terraria,111316830,8.2
2292,40,Terraria,92914917,1.7
2293,40,Terraria,72842694,13.9
2294,40,Terraria,65958466,12.3
2295,40,Terraria,49767455,94.0
2296,40,Terraria,61676491,8.6
2297,40,Terraria,34177747,717.0
2298,40,Terraria,86686260,0.9
2299,40,Terraria,106760673,0.8
2300,40,Terraria,43913966,69.0
2301,40,Terraria,121280370,228.0
2302,40,Terraria,198105109,293.0
2303,40,Terraria,117531196,71.0
2304,40,Terraria,87071236,49.0
2305,40,Terraria,181608676,0.1
2306,40,Terraria,64787956,65.0
2307,40,Terraria,32467994,100.0
2308,40,Terraria,68316900,14.2
2309,40,Terraria,102825821,3.1
2310,40,Terraria,150882304,0.4
2311,40,Terraria,54194546,4.3
2312,40,Terraria,52907921,69.0
2313,40,Terraria,130324181,1.1
2314,40,Terraria,12610800,51.0
2315,40,Terraria,78341587,0.7
2316,40,Terraria,87832209,7.4
2317,40,Terraria,82174211,156.0
2318,40,Terraria,68049243,0.1
2319,40,Terraria,48028873,0.2
2320,40,Terraria,193156880,3.0
2321,40,Terraria,251164636,0.2
2322,40,Terraria,115037563,1.0
2323,40,Terraria,114364553,16.2
2324,40,Terraria,84455820,108.0
2325,40,Terraria,176539817,181.0
2326,40,Terraria,158476996,103.0
2327,40,Terraria,53898495,16.6
2328,40,Terraria,136135322,1.0
2329,40,Terraria,81585721,135.0
2330,40,Terraria,86733992,130.0
2331,40,Terraria,76420334,203.0
2332,40,Terraria,67492611,2.3
2333,40,Terraria,199603191,0.4
2334,40,Terraria,201737586,1.2
2335,40,Terraria,43360645,1.7
2336,40,Terraria,30425578,5.8
2337,40,Terraria,45974860,25.0
2338,40,Terraria,105877396,7.4
2339,40,Terraria,80779496,10.9
2340,40,Terraria,243664576,55.0
2341,40,Terraria,24469287,29.0
2342,40,Terraria,39622853,14.0
2343,40,Terraria,11403772,3.0
2344,40,Terraria,82046939,156.0
2345,40,Terraria,111754806,5.1
2346,40,Terraria,131785763,62.0
2347,40,Terraria,58217836,44.0
2348,40,Terraria,209665002,25.0
2349,40,Terraria,118693973,31.0
2350,40,Terraria,90359362,1.1
2351,40,Terraria,66052983,2.4
2352,40,Terraria,164511211,100.0
2353,40,Terraria,106101617,22.0
2354,40,Terraria,87341384,1.5
2355,40,Terraria,81556495,1.2
2356,40,Terraria,2259650,0.8
2357,40,Terraria,60296891,88.0
2358,40,Terraria,200913780,139.0
2359,40,Terraria,136791084,128.0
2360,40,Terraria,192105970,18.1
2361,40,Terraria,58907890,200.0
2362,40,Terraria,181453879,285.0
2363,40,Terraria,176929122,38.0
2364,40,Terraria,105782521,0.2
2365,40,Terraria,150282867,119.0
2366,40,Terraria,101602586,55.0
2367,40,Terraria,92842809,4.8
2368,40,Terraria,183337134,58.0
2369,40,Terraria,206014489,0.6
2370,40,Terraria,298950,86.0
2371,40,Terraria,150137344,122.0
2372,40,Terraria,161186800,2.1
2373,40,Terraria,83671083,15.6
2374,40,Terraria,153097805,1.7
2375,40,Terraria,119211545,0.5
2376,40,Terraria,122026623,0.5
2377,40,Terraria,36546868,6.1
2378,40,Terraria,133234931,14.5
2379,40,Terraria,102927775,3.9
2380,40,Terraria,152959594,15.0
2381,40,Terraria,73518199,23.0
2382,40,Terraria,83849502,0.1
2383,40,Terraria,73835640,1.2
2384,40,Terraria,46637811,47.0
2385,40,Terraria,171067153,2.4
2386,40,Terraria,102921672,25.0
2387,40,Terraria,20464587,78.0
2388,40,Terraria,60859324,57.0
2389,40,Terraria,26729643,114.0
2390,40,Terraria,225848614,246.0
2391,40,Terraria,181593489,255.0
2392,40,Terraria,258602617,4.2
2393,40,Terraria,38049880,53.0
2394,40,Terraria,33282871,90.0
2395,40,Terraria,49893565,126.0
2396,40,Terraria,179848102,15.1
2397,40,Terraria,89523414,51.0
2398,40,Terraria,150789931,40.0
2399,40,Terraria,235692659,68.0
2400,40,Terraria,33013552,27.0
2401,40,Terraria,48984158,18.9
2402,40,Terraria,107346769,7.4
2403,40,Terraria,94269421,3.0
2404,40,Terraria,122798021,2.1
2405,40,Terraria,153144971,991.0
2406,40,Terraria,30042027,171.0
2407,40,Terraria,65610147,100.0
2408,40,Terraria,21061921,5.1
2409,40,Terraria,86055705,243.0
2410,40,Terraria,3449240,4.6
2411,40,Terraria,39037163,64.0
2412,40,Terraria,55426012,15.2
2413,40,Terraria,65398650,19.5
2414,40,Terraria,145320311,4.5
2415,40,Terraria,144580725,10.5
2416,40,Terraria,80128229,266.0
2417,40,Terraria,241890870,1.3
2418,40,Terraria,182557942,3.1
2419,40,Terraria,55906572,81.0
2420,40,Terraria,104159428,22.0
2421,40,Terraria,86502662,22.0
2422,40,Terraria,166125977,15.4
2423,40,Terraria,299581299,1.8
2424,40,Terraria,54637394,28.0
2425,40,Terraria,117949868,5.6
2426,40,Terraria,4824107,27.0
2427,40,Terraria,159726428,31.0
2428,40,Terraria,104120883,3.5
2429,40,Terraria,138941587,392.0
2430,40,Terraria,156271246,17.8
2431,40,Terraria,127220350,17.9
2432,40,Terraria,158608850,117.0
2433,40,Terraria,37723786,166.0
2434,40,Terraria,43955374,144.0
2435,40,Terraria,264625792,84.0
2436,40,Terraria,196066421,13.3
2437,40,Terraria,49462664,59.0
2438,40,Terraria,203765587,8.6
2439,40,Terraria,91690667,164.0
2440,40,Terraria,95028545,193.0
2441,40,Terraria,306971738,2.3
2442,40,Terraria,242937979,146.0
2443,40,Terraria,186483761,37.0
2444,40,Terraria,975449,4.8
2445,40,Terraria,33865373,8.0
2446,40,Terraria,127344335,26.0
2447,40,Terraria,96588736,1.6
2448,40,Terraria,108950666,11.9
2449,40,Terraria,126428976,206.0
2450,40,Terraria,15196746,178.0
2451,40,Terraria,53091150,5.8
2452,40,Terraria,104870123,61.0
2453,40,Terraria,133439936,28.0
2454,40,Terraria,65147980,270.0
2455,40,Terraria,154014392,35.0
2456,40,Terraria,58435428,41.0
2457,40,Terraria,91859894,123.0
2458,40,Terraria,8585433,0.4
2459,40,Terraria,42771635,57.0
2460,40,Terraria,296801388,61.0
2461,40,Terraria,146007471,1.1
2462,40,Terraria,75368808,28.0
2463,40,Terraria,34919318,14.3
2464,40,Terraria,96079217,69.0
2465,40,Terraria,186247831,0.8
2466,40,Terraria,47384202,0.9
2467,40,Terraria,99264709,5.5
2468,40,Terraria,44472980,89.0
2469,40,Terraria,276526080,19.7
2470,40,Terraria,175447188,52.0
2471,40,Terraria,127311699,2.7
2472,40,Terraria,64754418,15.6
2473,40,Terraria,290749426,1.9
2474,40,Terraria,106796307,11.7
2475,40,Terraria,120139965,0.1
2476,40,Terraria,113752996,11.6
2477,40,Terraria,156675178,14.0
2478,40,Terraria,35039277,0.3
2479,40,Terraria,1936551,1.6
2480,40,Terraria,11794760,156.0
2481,40,Terraria,277635586,208.0
2482,40,Terraria,57603447,0.8
2483,40,Terraria,33622085,1.5
2484,40,Terraria,113227222,2.5
2485,40,Terraria,135554311,0.7
2486,40,Terraria,71527252,93.0
2487,40,Terraria,204480696,14.3
2488,40,Terraria,170172944,8.5
2489,40,Terraria,236727418,62.0
2490,40,Terraria,38465050,1.5
2491,40,Terraria,209559315,56.0
2492,40,Terraria,167167647,0.7
2493,40,Terraria,127272741,510.0
2494,40,Terraria,135865220,72.0
2495,40,Terraria,107567915,100.0
2496,40,Terraria,59005471,146.0
2497,40,Terraria,32710856,3.6
2498,40,Terraria,170570863,3.9
2499,40,Terraria,160883669,12.1
2500,40,Terraria,156071982,16.9
2501,40,Terraria,119723223,40.0
2502,40,Terraria,36502549,59.0
2503,40,Terraria,96400571,106.0
2504,40,Terraria,91027316,28.0
2505,40,Terraria,71510748,130.0
2506,40,Terraria,28472068,2.2
2507,40,Terraria,181584582,2.5
2508,40,Terraria,27279261,1.7
2509,40,Terraria,100769089,46.0
2510,40,Terraria,92958887,0.7
2511,40,Terraria,90272527,232.0
2512,40,Terraria,63157803,272.0
2513,40,Terraria,105788297,176.0
2514,40,Terraria,211454678,14.1
2515,40,Terraria,97667936,0.1
2516,40,Terraria,17530772,42.0
2517,40,Terraria,95780749,7.7
2518,40,Terraria,223858723,44.0
2519,40,Terraria,11940338,30.0
2520,40,Terraria,85210874,567.0
2521,40,Terraria,165101762,4.6
2522,40,Terraria,77194239,1.0
2523,40,Terraria,302980730,4.6
2524,40,Terraria,248549548,2.7
2525,40,Terraria,155042139,39.0
2526,40,Terraria,188394070,12.8
2527,40,Terraria,68719896,3.8
2528,40,Terraria,86287245,76.0
2529,40,Terraria,88775181,57.0
2530,40,Terraria,128651888,40.0
2531,40,Terraria,80630217,105.0
2532,40,Terraria,54761333,131.0
2533,40,Terraria,118852041,0.8
2534,40,Terraria,131348564,200.0
2535,40,Terraria,48798067,64.0
2536,40,Terraria,62990992,24.0
2537,40,Terraria,109780632,1.6
2538,40,Terraria,222050169,38.0
2539,40,Terraria,94862562,7.0
2540,40,Terraria,65754991,0.2
2541,40,Terraria,113546110,0.6
2542,40,Terraria,293693492,36.0
2543,40,Terraria,36557643,0.3
2544,40,Terraria,46028967,16.7
2545,40,Terraria,64023574,5.3
2546,40,Terraria,167118460,202.0
2547,40,Terraria,82385352,1.5
2548,40,Terraria,115996656,18.6
2549,40,Terraria,78765966,6.7
2550,40,Terraria,57424113,91.0
2551,40,Terraria,49228258,98.0
2552,40,Terraria,90033155,286.0
2553,40,Terraria,111182405,25.0
2554,40,Terraria,186344581,22.0
2555,40,Terraria,159371621,5.4
2556,40,Terraria,124725852,16.7
2557,40,Terraria,10599862,0.3
2558,40,Terraria,250238131,43.0
2559,40,Terraria,159812802,0.4
2560,40,Terraria,98848653,79.0
2561,40,Terraria,135244036,133.0
2562,40,Terraria,14962163,0.4
2563,40,Terraria,85136214,357.0
2564,40,Terraria,21539893,3.0
2565,40,Terraria,84079486,3.8
2566,40,Terraria,108160472,0.6
2567,40,Terraria,235758386,0.6
2568,40,Terraria,85497862,15.7
2569,40,Terraria,154687199,26.0
2570,40,Terraria,197652539,70.0
2571,40,Terraria,174002551,7.6
2572,40,Terraria,165755355,78.0
2573,40,Terraria,72978546,2.1
2574,40,Terraria,129117376,2.1
2575,40,Terraria,123734483,91.0
2576,40,Terraria,83770731,1.3
2577,40,Terraria,82287546,0.6
2578,40,Terraria,244648789,205.0
2579,40,Terraria,101596530,364.0
2580,40,Terraria,155919035,136.0
2581,40,Terraria,156818121,4.5
2582,40,Terraria,59662830,11.5
2583,40,Terraria,211421471,1.0
2584,40,Terraria,86433707,14.3
2585,40,Terraria,86738567,189.0
2586,40,Terraria,31187179,51.0
2587,40,Terraria,297650159,0.2
2588,40,Terraria,150995572,223.0
2589,40,Terraria,276609322,0.3
2590,40,Terraria,40212239,114.0
2591,40,Terraria,72523666,56.0
2592,40,Terraria,112626210,23.0
2593,40,Terraria,103731895,75.0
2594,40,Terraria,209817175,1.8
2595,40,Terraria,94152935,6.4
2596,40,Terraria,127072755,1.8
2597,40,Terraria,163162333,2.6
2598,40,Terraria,12760368,66.0
2599,40,Terraria,60611062,2.8
2600,40,Terraria,80494893,61.0
2601,40,Terraria,144071257,69.0
2602,40,Terraria,103624897,1.2
2603,40,Terraria,187463594,0.2
2604,40,Terraria,19085114,7.2
2605,40,Terraria,12144171,1.4
2606,40,Terraria,131463112,60.0
2607,40,Terraria,11970504,4.2
2608,40,Terraria,111551727,5.6
2609,40,Terraria,102295765,423.0
2610,40,Terraria,93259090,7.9
2611,40,Terraria,207196616,13.0
2612,40,Terraria,86481908,1.8
2613,40,Terraria,16645459,4.0
2614,40,Terraria,132300630,15.2
2615,40,Terraria,86041729,3.1
2616,40,Terraria,100719181,11.7
2617,40,Terraria,64019582,53.0
2618,40,Terraria,81439192,1.1
2619,40,Terraria,129925351,141.0
2620,40,Terraria,110546460,21.0
2621,40,Terraria,83090686,826.0
2622,40,Terraria,167901416,68.0
2623,40,Terraria,11149819,0.2
2624,40,Terraria,122658341,12.3
2625,40,Terraria,32126281,0.3
2626,40,Terraria,134322141,4.9
2627,40,Terraria,110478743,49.0
2628,40,Terraria,254201131,27.0
2629,40,Terraria,54310644,4.3
2630,40,Terraria,134213189,86.0
2631,40,Terraria,135503830,1.2
2632,40,Terraria,137588230,1.3
2633,40,Terraria,39361297,11.1
2634,40,Terraria,219414811,12.8
2635,40,Terraria,100322840,354.0
2636,40,Terraria,87694960,52.0
2637,40,Terraria,155003926,0.2
2638,40,Terraria,70489471,26.0
2639,40,Terraria,78309377,21.0
2640,40,Terraria,73495968,82.0
2641,40,Terraria,61070572,2.2
2642,40,Terraria,192503967,382.0
2643,40,Terraria,123904490,17.4
2644,40,Terraria,81170946,46.0
2645,40,Terraria,44314169,39.0
2646,40,Terraria,79243080,176.0
2647,40,Terraria,209772097,104.0
2648,40,Terraria,95545167,189.0
2649,40,Terraria,83497449,181.0
2650,40,Terraria,139016142,2.3
2651,40,Terraria,218317467,50.0
2652,40,Terraria,50818751,0.5
2653,40,Terraria,51822361,0.4
2654,40,Terraria,117601858,330.0
2655,40,Terraria,60608576,334.0
2656,40,Terraria,26762388,327.0
2657,40,Terraria,122094388,162.0
2658,40,Terraria,211180125,12.2
2659,40,Terraria,148362155,4.0
2660,40,Terraria,126191291,1.1
2661,40,Terraria,281535206,41.0
2662,40,Terraria,103638409,172.0
2663,40,Terraria,239928300,94.0
2664,40,Terraria,93108463,0.3
2665,40,Terraria,98818460,693.0
2666,40,Terraria,38317154,28.0
2667,40,Terraria,177625788,2.5
2668,40,Terraria,247195205,107.0
2669,40,Terraria,159800136,100.0
2670,40,Terraria,206982761,10.8
2671,40,Terraria,174226719,3.1
2672,40,Terraria,196595568,1.0
2673,40,Terraria,105503045,2.0
2674,40,Terraria,174674290,148.0
2675,40,Terraria,174633348,208.0
2676,40,Terraria,58289184,236.0
2677,40,Terraria,301477644,2.2
2678,40,Terraria,94299484,36.0
2679,40,Terraria,82263745,88.0
2680,40,Terraria,245314153,64.0
2681,40,Terraria,50275189,3.7
2682,40,Terraria,57770056,19.2
2683,40,Terraria,24632218,53.0
2684,40,Terraria,241210827,203.0
2685,40,Terraria,132196353,3.3
2686,40,Terraria,58345543,54.0
2687,40,Terraria,92593907,124.0
2688,40,Terraria,140408017,22.0
2689,40,Terraria,80604456,23.0
2690,40,Terraria,167194020,153.0
2691,40,Terraria,168324795,2.3
2692,40,Terraria,31669242,62.0
2693,40,Terraria,85959768,3.1
2694,40,Terraria,219551734,122.0
2695,40,Terraria,56789999,13.7
2696,40,Terraria,163712958,206.0
2697,40,Terraria,47457723,10.1
2698,40,Terraria,277377524,2.7
2699,40,Terraria,207477282,0.6
2700,40,Terraria,48525807,184.0
2701,40,Terraria,86499586,73.0
2702,40,Terraria,67708331,162.0
2703,40,Terraria,108264287,34.0
2704,40,Terraria,166669789,189.0
2705,40,Terraria,162081645,0.3
2706,40,Terraria,198735293,63.0
2707,40,Terraria,71335402,13.8
2708,40,Terraria,94521606,18.6
2709,40,Terraria,142793906,99.0
2710,40,Terraria,110824765,37.0
2711,40,Terraria,150033540,26.0
2712,40,Terraria,164475918,1.9
2713,40,Terraria,199659716,10.3
2714,40,Terraria,36404933,123.0
2715,40,Terraria,165073598,22.0
2716,40,Terraria,154533830,1.2
2717,40,Terraria,93030550,4.7
2718,40,Terraria,89691468,50.0
2719,40,Terraria,20772968,0.3
2720,40,Terraria,47384303,8.9
2721,40,Terraria,193103684,67.0
2722,40,Terraria,92276000,208.0
2723,40,Terraria,178144284,1.5
2724,40,Terraria,92669869,5.4
2725,40,Terraria,158429732,30.0
2726,40,Terraria,101530848,12.3
2727,40,Terraria,81943620,280.0
2728,40,Terraria,156407373,2.6
2729,40,Terraria,94229851,5.1
2730,40,Terraria,60859695,73.0
2731,40,Terraria,75970863,1.8
2732,40,Terraria,154230723,0.7
2733,40,Terraria,116564064,53.0
2734,40,Terraria,72417734,10.0
2735,40,Terraria,111362598,0.3
2736,40,Terraria,151600301,245.0
2737,40,Terraria,135400225,105.0
2738,40,Terraria,88705345,58.0
2739,40,Terraria,125424716,81.0
2740,42,Tom Clancy's Rainbow Six Siege,42928788,52.0
2741,42,Tom Clancy's Rainbow Six Siege,157058673,23.0
2742,42,Tom Clancy's Rainbow Six Siege,33013552,6.1
2743,42,Tom Clancy's Rainbow Six Siege,82352462,22.0
2744,42,Tom Clancy's Rainbow Six Siege,115167911,26.0
2745,42,Tom Clancy's Rainbow Six Siege,105243827,42.0
2746,42,Tom Clancy's Rainbow Six Siege,61070572,10.6
2747,42,Tom Clancy's Rainbow Six Siege,81170946,3.2
